[21Dec2025 18:15:32.826] [main/INFO] [cpw.mods.modlauncher.Launcher/MODLAUNCHER]: ModLauncher running: args [--launchTarget, forgeserver, --fml.forgeVersion, 47.3.7, --fml.mcVersion, 1.20.1, --fml.forgeGroup, net.minecraftforge, --fml.mcpVersion, 20230612.114412, nogui]
[21Dec2025 18:15:32.831] [main/INFO] [cpw.mods.modlauncher.Launcher/MODLAUNCHER]: ModLauncher 10.0.9+10.0.9+main.dcd20f30 starting: java version 17.0.17 by Ubuntu; OS Linux arch amd64 version 6.8.0-1030-azure
[21Dec2025 18:15:33.644] [main/INFO] [net.minecraftforge.fml.loading.ImmediateWindowHandler/]: ImmediateWindowProvider not loading because launch target is forgeserver
[21Dec2025 18:15:33.696] [main/INFO] [mixin/]: SpongePowered MIXIN Subsystem Version=0.8.5 Source=union:/workspaces/tuputamadreland/servidor_minecraft/libraries/org/spongepowered/mixin/0.8.5/mixin-0.8.5.jar%2365!/ Service=ModLauncher Env=SERVER
[21Dec2025 18:15:34.062] [main/WARN] [net.minecraftforge.fml.loading.moddiscovery.ModFileParser/LOADING]: Mod file /workspaces/tuputamadreland/servidor_minecraft/libraries/net/minecraftforge/fmlcore/1.20.1-47.3.7/fmlcore-1.20.1-47.3.7.jar is missing mods.toml file
[21Dec2025 18:15:34.063] [main/WARN] [net.minecraftforge.fml.loading.moddiscovery.ModFileParser/LOADING]: Mod file /workspaces/tuputamadreland/servidor_minecraft/libraries/net/minecraftforge/javafmllanguage/1.20.1-47.3.7/javafmllanguage-1.20.1-47.3.7.jar is missing mods.toml file
[21Dec2025 18:15:34.065] [main/WARN] [net.minecraftforge.fml.loading.moddiscovery.ModFileParser/LOADING]: Mod file /workspaces/tuputamadreland/servidor_minecraft/libraries/net/minecraftforge/lowcodelanguage/1.20.1-47.3.7/lowcodelanguage-1.20.1-47.3.7.jar is missing mods.toml file
[21Dec2025 18:15:34.066] [main/WARN] [net.minecraftforge.fml.loading.moddiscovery.ModFileParser/LOADING]: Mod file /workspaces/tuputamadreland/servidor_minecraft/libraries/net/minecraftforge/mclanguage/1.20.1-47.3.7/mclanguage-1.20.1-47.3.7.jar is missing mods.toml file
[21Dec2025 18:15:34.370] [main/WARN] [net.minecraftforge.jarjar.selection.JarSelector/]: Attempted to select two dependency jars from JarJar which have the same identification: Mod File:  and Mod File: . Using Mod File: 
[21Dec2025 18:15:34.371] [main/INFO] [net.minecraftforge.fml.loading.moddiscovery.JarInJarDependencyLocator/]: Found 14 dependencies adding them to mods collection
[21Dec2025 18:15:36.949] [main/INFO] [mixin/]: Compatibility level set to JAVA_17
[21Dec2025 18:15:37.088] [main/INFO] [cpw.mods.modlauncher.LaunchServiceHandler/MODLAUNCHER]: Launching target 'forgeserver' with arguments [nogui]
[21Dec2025 18:15:37.136] [main/INFO] [com.abdelaziz.saturn.common.Saturn/]: Loaded Saturn config file with 4 configurable options
[21Dec2025 18:15:37.282] [main/INFO] [fpsreducer/]: OptiFine was NOT detected.
[21Dec2025 18:15:37.286] [main/INFO] [fpsreducer/]: OptiFabric was NOT detected.
[21Dec2025 18:15:37.292] [main/WARN] [mixin/]: Reference map 'puzzlesaccessapi.common.refmap.json' for puzzlesaccessapi.common.mixins.json could not be read. If this is a development environment you can ignore this message
[21Dec2025 18:15:37.362] [main/WARN] [mixin/]: Reference map 'yungsextras.refmap.json' for yungsextras.mixins.json could not be read. If this is a development environment you can ignore this message
[21Dec2025 18:15:37.364] [main/WARN] [mixin/]: Reference map 'yungsextras.refmap.json' for yungsextras_forge.mixins.json could not be read. If this is a development environment you can ignore this message
[21Dec2025 18:15:37.387] [main/INFO] [Puzzles Lib/]: Loading 54 mods:
	- ad_astra 1.15.20
	- alexsmobs 1.22.9
	- amendments 1.20-2.2.3
	- balm 7.3.37
		\-- kuma_api 20.1.12
	- betterdeserttemples 1.20-Forge-3.0.3
	- betterdungeons 1.20-Forge-4.0.4
	- betterfortresses 1.20-Forge-2.0.6
	- bettermineshafts 1.20-Forge-4.0.4
	- betteroceanmonuments 1.20-Forge-3.0.4
	- betterstrongholds 1.20-Forge-4.0.3
	- betterwitchhuts 1.20-Forge-3.0.3
	- botarium 2.3.4
	- carryon 2.1.2.7
		\-- mixinextras 0.2.0-beta.6
	- chloride 1.7.4
	- citadel 2.6.2
	- cloth_config 11.1.136
	- comforts 6.4.0+1.20.1
		\-- spectrelib 0.13.15+1.20.1
	- create 6.0.8
		|-- flywheel 1.0.5
		\-- ponder 1.0.91
	- dynamic_fps 3.9.5
	- fallingtree 4.3.4
	- forge 47.3.7
	- fpsreducer 1.20.1-2.5.1
	- gravestone 1.20.1-1.0.35
	- iceandfire 2.1.13-1.20.1
	- immersive_armors 1.7.1+1.20.1
	- ironfurnaces 4.1.6
	- mantle 1.11.79
	- mcwfences 1.2.1
	- minecraft 1.20.1
	- moonlight 1.20-2.16.16
	- mr_dungeons_andtaverns 3.0.3.f
	- puzzleslib 8.1.33
		\-- puzzlesaccessapi 20.1.1
	- resourcefulconfig 2.1.3
	- resourcefullib 2.1.29
	- saturn 0.1.3
	- sawmill 1.20-1.4.10
	- securitycraft 1.10.1
	- sophisticatedbackpacks 3.24.15.1445
	- sophisticatedcore 1.2.112.1296
	- spartanshields 3.1.1
	- supplementaries 1.20-3.1.41
		\-- mixinsquared 0.1.1
	- tconstruct 3.10.2.92
	- torchmaster 20.1.9
	- waystones 14.1.17
	- yungsapi 1.20-Forge-4.0.6
	- yungsbridges 1.20-Forge-4.0.3
	- yungsextras 1.20-Forge-4.0.3
[21Dec2025 18:15:38.892] [main/WARN] [mixin/]: Error loading class: vectorwing/farmersdelight/common/block/TomatoVineBlock (java.lang.ClassNotFoundException: vectorwing.farmersdelight.common.block.TomatoVineBlock)
[21Dec2025 18:15:38.915] [main/WARN] [mixin/]: Error loading class: vectorwing/farmersdelight/common/block/StandingCanvasSignBlock (java.lang.ClassNotFoundException: vectorwing.farmersdelight.common.block.StandingCanvasSignBlock)
[21Dec2025 18:15:38.917] [main/WARN] [mixin/]: Error loading class: vectorwing/farmersdelight/common/block/WallCanvasSignBlock (java.lang.ClassNotFoundException: vectorwing.farmersdelight.common.block.WallCanvasSignBlock)
[21Dec2025 18:15:39.326] [main/INFO] [MixinExtras|Service/]: Initializing MixinExtras via com.llamalad7.mixinextras.service.MixinExtrasServiceImpl(version=0.4.1).
[21Dec2025 18:15:45.893] [modloading-worker-0/INFO] [chloride/Main]: Chloride is not intended to be on servers, loaded in inner mode
[21Dec2025 18:15:46.559] [modloading-worker-0/INFO] [net.minecraftforge.common.ForgeMod/FORGEMOD]: Forge mod loading, version 47.3.7, for MC 1.20.1 with MCP 20230612.114412
[21Dec2025 18:15:46.564] [modloading-worker-0/INFO] [net.minecraftforge.common.MinecraftForge/FORGE]: MinecraftForge v47.3.7 Initialized
[21Dec2025 18:15:47.051] [modloading-worker-0/INFO] [ironfurnaces.IronFurnaces/]: Initializing Update Checker...
[21Dec2025 18:15:47.058] [ Iron Furnaces Update Checker/INFO] [ironfurnaces.IronFurnaces/]: Starting Update Check...
[21Dec2025 18:15:47.223] [modloading-worker-0/INFO] [com.simibubi.create.Create/]: Create 6.0.8 initializing! Commit hash: 1a1a9a2819b4f89f78caec41b55ed8cb222fa24b
[21Dec2025 18:15:47.606] [modloading-worker-0/INFO] [Spartan Shields/]: Constructing Mod: Spartan Shields
[21Dec2025 18:15:47.686] [ Iron Furnaces Update Checker/INFO] [ironfurnaces.IronFurnaces/]: Update Check done!
[21Dec2025 18:15:47.688] [ Iron Furnaces Update Checker/INFO] [ironfurnaces.IronFurnaces/]: Iron Furnaces is up to date!
[21Dec2025 18:15:48.320] [modloading-worker-0/INFO] [Puzzles Lib/]: Constructing common components for puzzleslib:main
[21Dec2025 18:15:56.131] [main/INFO] [Moonlight/]: Initialized block sets in 20ms
[21Dec2025 18:15:57.483] [main/INFO] [Spartan Shields/]: Loading config spartanshields-common.toml
[21Dec2025 18:15:57.574] [Forge Version Check/INFO] [net.minecraftforge.fml.VersionChecker/]: [saturn] Starting version check at https://github.com/AbdElAziz333/Saturn/raw/mc1.20.1/dev/updates.json
[21Dec2025 18:15:57.623] [modloading-worker-0/INFO] [Spartan Shields/]: Setting up Spartan Shields!
[21Dec2025 18:15:57.831] [main/INFO] [Moonlight/]: Initialized color sets in 51ms
[21Dec2025 18:15:57.903] [main/INFO] [Supplementaries/]: Finished mod setup in: [35, 2, 0, 1, 0, 0, 17, 0] ms
[21Dec2025 18:15:57.928] [Forge Version Check/WARN] [net.minecraftforge.fml.VersionChecker/]: Failed to process update information
com.google.gson.JsonSyntaxException: java.lang.IllegalStateException: Expected BEGIN_OBJECT but was STRING at line 9 column 1 path $
	at com.google.gson.Gson.fromJson(Gson.java:1226) ~[gson-2.10.jar%2372!/:?]
	at com.google.gson.Gson.fromJson(Gson.java:1124) ~[gson-2.10.jar%2372!/:?]
	at com.google.gson.Gson.fromJson(Gson.java:1034) ~[gson-2.10.jar%2372!/:?]
	at com.google.gson.Gson.fromJson(Gson.java:969) ~[gson-2.10.jar%2372!/:?]
	at net.minecraftforge.fml.VersionChecker$1.process(VersionChecker.java:183) ~[fmlcore-1.20.1-47.3.7.jar%23192!/:?]
	at java.lang.Iterable.forEach(Iterable.java:75) ~[?:?]
	at net.minecraftforge.fml.VersionChecker$1.run(VersionChecker.java:114) ~[fmlcore-1.20.1-47.3.7.jar%23192!/:?]
Caused by: java.lang.IllegalStateException: Expected BEGIN_OBJECT but was STRING at line 9 column 1 path $
	at com.google.gson.stream.JsonReader.beginObject(JsonReader.java:393) ~[gson-2.10.jar%2372!/:?]
	at com.google.gson.internal.bind.MapTypeAdapterFactory$Adapter.read(MapTypeAdapterFactory.java:182) ~[gson-2.10.jar%2372!/:?]
	at com.google.gson.internal.bind.MapTypeAdapterFactory$Adapter.read(MapTypeAdapterFactory.java:144) ~[gson-2.10.jar%2372!/:?]
	at com.google.gson.Gson.fromJson(Gson.java:1214) ~[gson-2.10.jar%2372!/:?]
	... 6 more
[21Dec2025 18:15:57.934] [Forge Version Check/INFO] [net.minecraftforge.fml.VersionChecker/]: [puzzlesaccessapi] Starting version check at https://raw.githubusercontent.com/Fuzss/modresources/main/update/puzzlesaccessapi.json
[21Dec2025 18:15:58.039] [Forge Version Check/INFO] [net.minecraftforge.fml.VersionChecker/]: [puzzlesaccessapi] Found status: BETA Current: 20.1.1 Target: null
[21Dec2025 18:15:58.042] [Forge Version Check/INFO] [net.minecraftforge.fml.VersionChecker/]: [forge] Starting version check at https://files.minecraftforge.net/net/minecraftforge/forge/promotions_slim.json
[21Dec2025 18:15:58.049] [modloading-worker-0/INFO] [net.xalcon.torchmaster.Torchmaster/]: Applying mega torch entity block list overrides...
[21Dec2025 18:15:58.049] [modloading-worker-0/INFO] [net.xalcon.torchmaster.Torchmaster/]: Applying dread lamp entity block list overrides...
[21Dec2025 18:15:58.183] [Forge Version Check/INFO] [net.minecraftforge.fml.VersionChecker/]: [forge] Found status: OUTDATED Current: 47.3.7 Target: 47.4.10
[21Dec2025 18:15:58.183] [Forge Version Check/INFO] [net.minecraftforge.fml.VersionChecker/]: [moonlight] Starting version check at https://api.modrinth.com/updates/moonlight/forge_updates.json
[21Dec2025 18:15:58.357] [Forge Version Check/INFO] [net.minecraftforge.fml.VersionChecker/]: [moonlight] Found status: OUTDATED Current: 1.20-2.16.16 Target: 1.20-2.16.16-forge
[21Dec2025 18:15:58.358] [Forge Version Check/INFO] [net.minecraftforge.fml.VersionChecker/]: [mcwfences] Starting version check at https://raw.githubusercontent.com/sketchmacaw/macawsmods/master/fences.json
[21Dec2025 18:15:58.364] [Forge Version Check/INFO] [net.minecraftforge.fml.VersionChecker/]: [mcwfences] Found status: UP_TO_DATE Current: 1.2.1 Target: null
[21Dec2025 18:15:58.367] [Forge Version Check/INFO] [net.minecraftforge.fml.VersionChecker/]: [supplementaries] Starting version check at https://raw.githubusercontent.com/MehVahdJukaar/Supplementaries/1.20/forge/update.json
[21Dec2025 18:15:58.375] [Forge Version Check/INFO] [net.minecraftforge.fml.VersionChecker/]: [supplementaries] Found status: BETA Current: 1.20-3.1.41 Target: null
[21Dec2025 18:15:58.375] [Forge Version Check/INFO] [net.minecraftforge.fml.VersionChecker/]: [gravestone] Starting version check at https://update.maxhenkel.de/forge/gravestone
[21Dec2025 18:15:58.526] [Forge Version Check/INFO] [net.minecraftforge.fml.VersionChecker/]: [gravestone] Found status: AHEAD Current: 1.20.1-1.0.35 Target: null
[21Dec2025 18:15:58.529] [Forge Version Check/INFO] [net.minecraftforge.fml.VersionChecker/]: [securitycraft] Starting version check at https://www.github.com/Geforce132/SecurityCraft/raw/master/Updates/Forge.json
[21Dec2025 18:15:58.582] [Forge Version Check/INFO] [net.minecraftforge.fml.VersionChecker/]: [securitycraft] Found status: UP_TO_DATE Current: 1.10.1 Target: null
[21Dec2025 18:15:58.583] [Forge Version Check/INFO] [net.minecraftforge.fml.VersionChecker/]: [mr_dungeons_andtaverns] Starting version check at https://api.modrinth.com/updates/tpehi7ww/forge_updates.json
[21Dec2025 18:15:58.756] [Forge Version Check/INFO] [net.minecraftforge.fml.VersionChecker/]: [mr_dungeons_andtaverns] Found status: OUTDATED Current: 3.0.3.f Target: 3.0.3.f+mod
[21Dec2025 18:15:58.757] [Forge Version Check/INFO] [net.minecraftforge.fml.VersionChecker/]: [puzzleslib] Starting version check at https://raw.githubusercontent.com/Fuzss/modresources/main/update/puzzleslib.json
[21Dec2025 18:15:58.764] [Forge Version Check/INFO] [net.minecraftforge.fml.VersionChecker/]: [puzzleslib] Found status: UP_TO_DATE Current: 8.1.33 Target: null
[21Dec2025 18:15:58.765] [Forge Version Check/INFO] [net.minecraftforge.fml.VersionChecker/]: [dynamic_fps] Starting version check at https://api.lostluma.net/updates/dynamic-fps?platform=forge
[21Dec2025 18:15:58.881] [Forge Version Check/INFO] [net.minecraftforge.fml.VersionChecker/]: [dynamic_fps] Found status: UP_TO_DATE Current: 3.9.5 Target: null
[21Dec2025 18:15:58.882] [Forge Version Check/INFO] [net.minecraftforge.fml.VersionChecker/]: [ad_astra] Starting version check at https://api.modrinth.com/updates/3ufwT9JF/forge_updates.json
[21Dec2025 18:15:58.994] [Forge Version Check/INFO] [net.minecraftforge.fml.VersionChecker/]: [ad_astra] Found status: UP_TO_DATE Current: 1.15.20 Target: null
[21Dec2025 18:16:03.400] [main/INFO] [com.mojang.authlib.yggdrasil.YggdrasilAuthenticationService/]: Environment: authHost='https://authserver.mojang.com', accountsHost='https://api.mojang.com', sessionHost='https://sessionserver.mojang.com', servicesHost='https://api.minecraftservices.com', name='PROD'
[21Dec2025 18:16:07.389] [main/WARN] [net.minecraft.server.packs.VanillaPackResourcesBuilder/]: Assets URL 'union:/workspaces/tuputamadreland/servidor_minecraft/libraries/net/minecraft/server/1.20.1-20230612.114412/server-1.20.1-20230612.114412-srg.jar%23191!/assets/.mcassetsroot' uses unexpected schema
[21Dec2025 18:16:07.389] [main/WARN] [net.minecraft.server.packs.VanillaPackResourcesBuilder/]: Assets URL 'union:/workspaces/tuputamadreland/servidor_minecraft/libraries/net/minecraft/server/1.20.1-20230612.114412/server-1.20.1-20230612.114412-srg.jar%23191!/data/.mcassetsroot' uses unexpected schema
[21Dec2025 18:16:07.547] [main/INFO] [com.simibubi.create.Create/]: Created 325 recipes which will be injected into the game
[21Dec2025 18:16:07.562] [main/INFO] [com.simibubi.create.Create/]: Created 24 tags which will be injected into the game
[21Dec2025 18:16:07.665] [main/INFO] [Moonlight/]: Starting runtime resource generation for pack type SERVER_DATA with generators from mods [supplementaries, sawmill]: [net.mehvahdjukaar.supplementaries.dynamicpack.ServerDynamicResourcesGenerator@60adf13c, net.mehvahdjukaar.sawmill.SawmillRecipeGenerator@3196908a]
[21Dec2025 18:16:07.666] [main/INFO] [Moonlight/]: Generating runtime assets for pack Supplementaries Generated Pack (supplementaries)
[21Dec2025 18:16:07.694] [main/INFO] [Supplementaries/]: Generated runtime SERVER_DATA for pack Supplementaries Generated Pack (supplementaries) in: 27 ms (multithreaded)
[21Dec2025 18:16:07.694] [main/INFO] [Moonlight/]: Generating runtime assets for pack Sawmill Sawmill Recipes (sawmill)
[21Dec2025 18:16:07.694] [main/INFO] [Sawmill/]: Generated runtime SERVER_DATA for pack Sawmill Sawmill Recipes (sawmill) in: 0 ms (debug resource dump on) (multithreaded)
[21Dec2025 18:16:07.694] [main/INFO] [Moonlight/]: Finished runtime resources generation for 2 packs in a total of 28 ms
[21Dec2025 18:16:09.080] [main/INFO] [com.github.alexthe666.alexsmobs.AlexsMobs/]: Adding datapack listener capsid_recipes
[21Dec2025 18:16:10.018] [Worker-Main-2/INFO] [Mantle/]: Loaded 20 loot table injectors injecting into 18 tables in 14.829804 ms
[21Dec2025 18:16:10.363] [main/INFO] [Sawmill/]: Intercepted tag results
[21Dec2025 18:16:10.459] [main/INFO] [net.minecraft.world.item.crafting.RecipeManager/]: Skipping loading recipe supplementaries:inspirations/blackboard_clear as it's serializer returned null
[21Dec2025 18:16:10.492] [main/INFO] [net.minecraft.world.item.crafting.RecipeManager/]: Skipping loading recipe supplementaries:inspirations/flag_dye as it's serializer returned null
[21Dec2025 18:16:10.525] [main/INFO] [net.minecraft.world.item.crafting.RecipeManager/]: Skipping loading recipe tconstruct:smeltery/alloys/molten_pewter as it's serializer returned null
[21Dec2025 18:16:10.635] [main/INFO] [net.minecraft.world.item.crafting.RecipeManager/]: Skipping loading recipe supplementaries:inspirations/flag_clear as it's serializer returned null
[21Dec2025 18:16:10.666] [main/INFO] [Sawmill/]: Generating Sawmill Recipes
[21Dec2025 18:16:10.761] [main/INFO] [Sawmill/]: Generated Sawmill recipes in 94 milliseconds
[21Dec2025 18:16:10.766] [main/INFO] [net.minecraft.world.item.crafting.RecipeManager/]: Loaded 46 recipes
[21Dec2025 18:16:10.804] [main/ERROR] [net.minecraft.server.ServerAdvancementManager/]: Parsing error loading custom advancement spartanshields:recipes/dark_steel_riot_basic_shield: Unknown item id 'enderio:octadic_capacitor'
[21Dec2025 18:16:10.851] [main/ERROR] [net.minecraft.server.ServerAdvancementManager/]: Parsing error loading custom advancement supplementaries:recipes/planter_rich: Unknown item id 'farmersdelight:rich_soil'
[21Dec2025 18:16:10.898] [main/ERROR] [net.minecraft.server.ServerAdvancementManager/]: Parsing error loading custom advancement spartanshields:recipes/basic_mekanists_tower_shield: Unknown item id 'mekanism:energy_tablet'
[21Dec2025 18:16:10.948] [main/ERROR] [net.minecraft.server.ServerAdvancementManager/]: Parsing error loading custom advancement spartanshields:recipes/dark_steel_riot_tower_shield: Unknown item id 'enderio:octadic_capacitor'
[21Dec2025 18:16:10.961] [main/ERROR] [net.minecraft.server.ServerAdvancementManager/]: Parsing error loading custom advancement spartanshields:recipes/basic_mekanists_basic_shield: Unknown item id 'mekanism:energy_tablet'
[21Dec2025 18:16:11.027] [main/INFO] [net.minecraft.advancements.AdvancementList/]: Loaded 5018 advancements
[21Dec2025 18:16:11.058] [main/INFO] [slimeknights.tconstruct.library.materials.definition.MaterialManager/]: Loaded 58 materials in 6.748634 ms
[21Dec2025 18:16:11.062] [main/INFO] [slimeknights.tconstruct.library.materials.definition.MaterialManager/]: Loaded 9 material tags for 42 materials in 4.240972 ms
[21Dec2025 18:16:11.074] [main/INFO] [slimeknights.tconstruct.library.materials.stats.MaterialStatsManager/]: 412 stats loaded for 69 materials in 10.939563 ms
[21Dec2025 18:16:11.087] [main/INFO] [slimeknights.tconstruct.library.materials.traits.MaterialTraitsManager/]: 229 traits loaded for 69 materials in 11.879303 ms
[21Dec2025 18:16:11.158] [main/INFO] [slimeknights.tconstruct.library.modifiers.ModifierManager/]: Loaded 154 dynamic modifiers and 4 modifier redirects in 70.53592 ms
[21Dec2025 18:16:11.162] [main/INFO] [slimeknights.tconstruct.library.modifiers.ModifierManager/]: Loaded 42 modifier tags for 141 modifiers in 4.213391 ms
[21Dec2025 18:16:11.163] [main/INFO] [slimeknights.tconstruct.library.modifiers.ModifierManager/]: Loaded 50 enchantment to modifier mappings in 0.552689 ms
[21Dec2025 18:16:11.167] [main/INFO] [tconstruct/]: Loaded 48 spilling fluids in 4.323686 ms
[21Dec2025 18:16:11.169] [main/INFO] [slimeknights.mantle.fluid.transfer.FluidContainerTransferManager/]: Loaded 25 dynamic modifiers in 1.241904 ms
[21Dec2025 18:16:11.179] [main/INFO] [Supplementaries/]: Loaded 27 flute songs
[21Dec2025 18:16:11.204] [main/INFO] [slimeknights.tconstruct.library.tools.definition.ToolDefinitionLoader/]: Loaded 38 tool definitions in 10.270686 ms
[21Dec2025 18:16:11.208] [main/INFO] [slimeknights.tconstruct.library.tools.layout.StationSlotLayoutLoader/]: Loaded 19 station slot layouts in 4.195647 ms
[21Dec2025 18:16:14.493] [main/INFO] [Moonlight/]: Applied 20 data villager trades
[21Dec2025 18:16:14.560] [main/INFO] [Supplementaries/]: Finished additional setup in 0 ms
[21Dec2025 18:16:14.699] [Server thread/INFO] [net.minecraft.server.dedicated.DedicatedServer/]: Starting minecraft server version 1.20.1
[21Dec2025 18:16:14.699] [Server thread/INFO] [net.minecraft.server.dedicated.DedicatedServer/]: Loading properties
[21Dec2025 18:16:14.699] [Server thread/INFO] [net.minecraft.server.dedicated.DedicatedServer/]: Default game type: SURVIVAL
[21Dec2025 18:16:14.699] [Server thread/INFO] [net.minecraft.server.MinecraftServer/]: Generating keypair
[21Dec2025 18:16:14.898] [Server thread/INFO] [net.minecraft.server.dedicated.DedicatedServer/]: Starting Minecraft server on *:25565
[21Dec2025 18:16:14.919] [Server thread/INFO] [net.minecraft.server.network.ServerConnectionListener/]: Using epoll channel type
[21Dec2025 18:16:15.000] [Server thread/WARN] [net.minecraft.server.dedicated.DedicatedServer/]: **** SERVER IS RUNNING IN OFFLINE/INSECURE MODE!
[21Dec2025 18:16:15.000] [Server thread/WARN] [net.minecraft.server.dedicated.DedicatedServer/]: The server will make no attempt to authenticate usernames. Beware.
[21Dec2025 18:16:15.001] [Server thread/WARN] [net.minecraft.server.dedicated.DedicatedServer/]: While this makes the game possible to play without internet access, it also opens up the ability for hackers to connect with any username they choose.
[21Dec2025 18:16:15.001] [Server thread/WARN] [net.minecraft.server.dedicated.DedicatedServer/]: To change this, set "online-mode" to "true" in the server.properties file.
[21Dec2025 18:16:15.135] [Server thread/INFO] [Sawmill/]: Injecting Carpenter Village Houses
[21Dec2025 18:16:15.143] [Server thread/INFO] [net.minecraft.server.dedicated.DedicatedServer/]: Preparing level "world"
[21Dec2025 18:16:18.222] [Server thread/INFO] [net.minecraft.server.MinecraftServer/]: Preparing start region for dimension minecraft:overworld
[21Dec2025 18:16:21.497] [Worker-Main-2/INFO] [net.minecraft.server.level.progress.LoggerChunkProgressListener/]: Preparing spawn area: 0%
[21Dec2025 18:16:21.498] [Worker-Main-1/INFO] [net.minecraft.server.level.progress.LoggerChunkProgressListener/]: Preparing spawn area: 0%
[21Dec2025 18:16:21.499] [Worker-Main-3/INFO] [net.minecraft.server.level.progress.LoggerChunkProgressListener/]: Preparing spawn area: 0%
[21Dec2025 18:16:21.499] [Worker-Main-3/INFO] [net.minecraft.server.level.progress.LoggerChunkProgressListener/]: Preparing spawn area: 0%
[21Dec2025 18:16:21.500] [Worker-Main-2/INFO] [net.minecraft.server.level.progress.LoggerChunkProgressListener/]: Preparing spawn area: 0%
[21Dec2025 18:16:21.501] [Worker-Main-2/INFO] [net.minecraft.server.level.progress.LoggerChunkProgressListener/]: Preparing spawn area: 0%
[21Dec2025 18:16:21.502] [Worker-Main-1/INFO] [net.minecraft.server.level.progress.LoggerChunkProgressListener/]: Preparing spawn area: 0%
[21Dec2025 18:16:21.723] [Worker-Main-2/INFO] [net.minecraft.server.level.progress.LoggerChunkProgressListener/]: Preparing spawn area: 0%
[21Dec2025 18:16:22.224] [Worker-Main-2/INFO] [net.minecraft.server.level.progress.LoggerChunkProgressListener/]: Preparing spawn area: 62%
[21Dec2025 18:16:22.675] [Server thread/INFO] [net.minecraft.server.level.progress.LoggerChunkProgressListener/]: Time elapsed: 4452 ms
[21Dec2025 18:16:22.675] [Server thread/INFO] [net.minecraft.server.dedicated.DedicatedServer/]: Done (7.663s)! For help, type "help"
[21Dec2025 18:16:22.720] [Server thread/INFO] [net.minecraftforge.server.permission.PermissionAPI/]: Successfully initialized permission handler forge:default_handler
[21Dec2025 18:16:22.720] [Server thread/INFO] [com.github.alexthe666.iceandfire.IceAndFire/]: {iceandfire:fire_dragon_roost=true, iceandfire:fire_lily=true, iceandfire:spawn_dragon_skeleton_fire=true, iceandfire:lightning_dragon_roost=true, iceandfire:spawn_dragon_skeleton_lightning=true, iceandfire:ice_dragon_roost=true, iceandfire:ice_dragon_cave=true, iceandfire:lightning_dragon_cave=true, iceandfire:cyclops_cave=true, iceandfire:spawn_wandering_cyclops=true, iceandfire:spawn_sea_serpent=true, iceandfire:frost_lily=true, iceandfire:hydra_cave=true, iceandfire:lightning_lily=true, iceandfire:pixie_village=true, iceandfire:myrmex_hive_jungle=true, iceandfire:myrmex_hive_desert=true, iceandfire:silver_ore=true, iceandfire:siren_island=true, iceandfire:spawn_dragon_skeleton_ice=true, iceandfire:spawn_stymphalian_bird=true, iceandfire:fire_dragon_cave=true, iceandfire:sapphire_ore=true, iceandfire:spawn_hippocampus=true, iceandfire:spawn_death_worm=true}
[21Dec2025 18:16:22.721] [Server thread/INFO] [com.github.alexthe666.iceandfire.IceAndFire/]: {TROLL_S=true, HIPPOGRYPH=true, AMPHITHERE=true, COCKATRICE=true, TROLL_M=true, DREAD_LICH=true, TROLL_F=true}
[21Dec2025 18:16:22.797] [Server thread/WARN] [net.minecraft.network.syncher.SynchedEntityData/]: defineId called for: class net.minecraft.world.entity.player.Player from class tschipp.carryon.common.carry.CarryOnDataManager
[21Dec2025 18:18:11.865] [Server thread/INFO] [net.minecraft.server.network.ServerLoginPacketListenerImpl/]: com.mojang.authlib.GameProfile@35525913[id=<null>,name=visatap23_YT,properties={},legacy=false] (/127.69.163.222:54243) lost connection: Disconnected
[21Dec2025 18:18:47.483] [Server thread/INFO] [net.minecraft.server.players.PlayerList/]: visatap23_YT[/127.69.163.222:46051] logged in with entity id 229 at (16.78708387102658, 79.0, -32.39331352862345)
[21Dec2025 18:18:47.977] [Server thread/INFO] [net.minecraft.server.MinecraftServer/]: visatap23_YT joined the game
[21Dec2025 18:19:55.251] [Worker-Main-12/INFO] [citadel/]: vanilla surface rule behavior unchanged
[21Dec2025 18:20:08.831] [Server thread/INFO] [net.minecraft.server.MinecraftServer/]: visatap23_YT has made the advancement [Alex's Mobs]
[21Dec2025 18:23:25.094] [Server thread/INFO] [net.minecraft.server.MinecraftServer/]: visatap23_YT has made the advancement [Sweet Dreams]
[21Dec2025 18:23:27.774] [Server thread/INFO] [net.minecraft.server.players.PlayerList/]: Qiuu__[/127.199.55.203:39891] logged in with entity id 1771 at (-22.5, 69.0, -63.5)
[21Dec2025 18:23:27.798] [Server thread/INFO] [net.minecraft.server.MinecraftServer/]: Qiuu__ joined the game
[21Dec2025 18:23:27.899] [Server thread/INFO] [net.minecraft.server.MinecraftServer/]: Qiuu__ has made the advancement [Ice and Fire]
[21Dec2025 18:24:03.383] [Server thread/INFO] [net.minecraft.server.network.ServerGamePacketListenerImpl/]: Qiuu__ lost connection: Disconnected
[21Dec2025 18:24:03.383] [Server thread/INFO] [net.minecraft.server.MinecraftServer/]: Qiuu__ left the game
[21Dec2025 18:24:11.535] [Server thread/INFO] [net.minecraft.server.players.PlayerList/]: Qiuu__[/127.199.55.203:59579] logged in with entity id 1999 at (-32.56448348958164, 70.53584062504456, -49.64220581939664)
[21Dec2025 18:24:11.559] [Server thread/INFO] [net.minecraft.server.MinecraftServer/]: Qiuu__ joined the game
[21Dec2025 18:25:52.945] [Server thread/INFO] [net.minecraft.server.network.ServerGamePacketListenerImpl/]: Qiuu__ lost connection: Disconnected
[21Dec2025 18:25:52.945] [Server thread/INFO] [net.minecraft.server.MinecraftServer/]: Qiuu__ left the game
[21Dec2025 18:27:23.385] [Server thread/INFO] [net.minecraft.server.players.PlayerList/]: Qiuu__[/127.199.55.203:41787] logged in with entity id 3190 at (-6.644672134056625, 64.0, -125.19195530026104)
[21Dec2025 18:27:23.406] [Server thread/INFO] [net.minecraft.server.MinecraftServer/]: Qiuu__ joined the game
[21Dec2025 18:27:37.972] [Server thread/INFO] [net.minecraft.server.network.ServerGamePacketListenerImpl/]: Qiuu__ lost connection: Disconnected
[21Dec2025 18:27:37.972] [Server thread/INFO] [net.minecraft.server.MinecraftServer/]: Qiuu__ left the game
[21Dec2025 18:31:49.182] [Server thread/INFO] [net.minecraft.server.players.PlayerList/]: Qiuu__[/127.199.55.203:42373] logged in with entity id 4003 at (-6.644672134056625, 64.0, -125.19195530026104)
[21Dec2025 18:31:49.206] [Server thread/INFO] [net.minecraft.server.MinecraftServer/]: Qiuu__ joined the game
[21Dec2025 18:32:11.623] [Server thread/INFO] [net.minecraft.server.network.ServerGamePacketListenerImpl/]: visatap23_YT lost connection: Disconnected
[21Dec2025 18:32:11.623] [Server thread/INFO] [net.minecraft.server.MinecraftServer/]: visatap23_YT left the game
[21Dec2025 18:32:13.166] [Server thread/INFO] [net.minecraft.server.network.ServerGamePacketListenerImpl/]: Qiuu__ lost connection: Disconnected
[21Dec2025 18:32:13.166] [Server thread/INFO] [net.minecraft.server.MinecraftServer/]: Qiuu__ left the game
[21Dec2025 18:35:01.722] [Server thread/INFO] [net.minecraft.server.players.PlayerList/]: Qiuu__[/127.199.55.203:42471] logged in with entity id 4291 at (-0.4575629439913236, 67.0, -131.88622571897537)
[21Dec2025 18:35:01.743] [Server thread/INFO] [net.minecraft.server.MinecraftServer/]: Qiuu__ joined the game
[21Dec2025 18:35:07.575] [Server thread/INFO] [net.minecraft.server.players.PlayerList/]: visatap23_YT[/127.69.163.222:57001] logged in with entity id 4399 at (140.54911378115526, 71.9375, 139.7788300412821)
[21Dec2025 18:35:07.594] [Server thread/INFO] [net.minecraft.server.MinecraftServer/]: visatap23_YT joined the game
[21Dec2025 18:38:02.124] [Server thread/INFO] [net.minecraft.server.MinecraftServer/]: Qiuu__ has made the advancement [Monster Hunter]
[21Dec2025 18:38:20.318] [Server thread/INFO] [net.minecraft.server.MinecraftServer/]: Qiuu__ has made the advancement [Sweet Dreams]
[21Dec2025 18:38:44.728] [Server thread/INFO] [net.minecraft.server.MinecraftServer/]: visatap23_YT has made the advancement [Monster Hunter]
[21Dec2025 18:39:32.971] [Server thread/INFO] [net.minecraft.server.MinecraftServer/]: Qiuu__ has made the advancement [Stone Age]
[21Dec2025 18:41:24.559] [Server thread/INFO] [net.minecraft.server.MinecraftServer/]: Qiuu__ has made the advancement [Getting an Upgrade]
[21Dec2025 18:42:05.420] [Server thread/INFO] [net.minecraft.server.MinecraftServer/]: visatap23_YT has made the advancement [Stone Age]
[21Dec2025 18:49:14.232] [Server thread/INFO] [net.minecraft.server.MinecraftServer/]: visatap23_YT has made the advancement [Acquire Hardware]
[21Dec2025 19:00:55.485] [Server thread/INFO] [net.minecraft.server.players.PlayerList/]: Idirsex2000[/127.178.240.157:51257] logged in with entity id 9675 at (-14.5, 67.0, -59.5)
[21Dec2025 19:00:55.514] [Server thread/INFO] [net.minecraft.server.MinecraftServer/]: Idirsex2000 joined the game
[21Dec2025 19:00:55.594] [Server thread/INFO] [net.minecraft.server.MinecraftServer/]: Idirsex2000 has made the advancement [Ice and Fire]
[21Dec2025 19:01:05.264] [Server thread/INFO] [net.minecraft.server.MinecraftServer/]: [Not Secure] <Qiuu__> 173 79
[21Dec2025 19:02:28.332] [Server thread/INFO] [net.minecraft.server.MinecraftServer/]: [Not Secure] <Qiuu__> 173 79
[21Dec2025 19:04:23.786] [Server thread/INFO] [net.minecraft.server.MinecraftServer/]: Qiuu__ has made the advancement [Acquire Hardware]
[21Dec2025 19:05:00.623] [Server thread/INFO] [net.minecraft.server.network.ServerGamePacketListenerImpl/]: Idirsex2000 lost connection: Disconnected
[21Dec2025 19:05:00.624] [Server thread/INFO] [net.minecraft.server.MinecraftServer/]: Idirsex2000 left the game
[21Dec2025 19:05:39.944] [Server thread/INFO] [net.minecraft.server.MinecraftServer/]: visatap23_YT has made the advancement [Getting an Upgrade]
[21Dec2025 19:09:49.630] [Server thread/INFO] [net.minecraft.server.players.PlayerList/]: Idirsex2000[/127.178.240.157:56203] logged in with entity id 12338 at (174.35927950362563, 73.16610926093821, 71.7793897094161)
[21Dec2025 19:09:49.649] [Server thread/INFO] [net.minecraft.server.MinecraftServer/]: Idirsex2000 joined the game
[21Dec2025 19:11:34.889] [Server thread/INFO] [net.minecraft.server.MinecraftServer/]: [Not Secure] <Qiuu__> no malaspalabrasplis jaja
[21Dec2025 19:11:48.445] [Server thread/INFO] [net.minecraft.server.MinecraftServer/]: Made visatap23_YT a server operator
[21Dec2025 19:12:49.796] [Server thread/INFO] [net.minecraft.server.MinecraftServer/]: [visatap23_YT: Set own game mode to Creative Mode]
[21Dec2025 19:12:59.475] [Server thread/INFO] [net.minecraft.server.network.ServerGamePacketListenerImpl/]: visatap23_YT lost connection: Disconnected
[21Dec2025 19:12:59.475] [Server thread/INFO] [net.minecraft.server.MinecraftServer/]: visatap23_YT left the game
[21Dec2025 19:14:34.880] [Server thread/INFO] [net.minecraft.server.players.PlayerList/]: visatap23_YT[/127.69.163.222:53011] logged in with entity id 13300 at (245.6782697539479, 93.0, 128.7121707583376)
[21Dec2025 19:14:34.905] [Server thread/INFO] [net.minecraft.server.MinecraftServer/]: visatap23_YT joined the game
[21Dec2025 19:14:56.478] [Server thread/INFO] [net.minecraft.server.network.ServerGamePacketListenerImpl/]: visatap23_YT lost connection: Disconnected
[21Dec2025 19:14:56.479] [Server thread/INFO] [net.minecraft.server.MinecraftServer/]: visatap23_YT left the game
[21Dec2025 19:17:28.097] [Server thread/INFO] [net.minecraft.server.MinecraftServer/]: Idirsex2000 has made the advancement [Stone Age]
[21Dec2025 19:17:56.840] [Server thread/INFO] [net.minecraft.server.players.PlayerList/]: visatap23_YT[/127.69.163.222:55289] logged in with entity id 14180 at (245.6782697539479, 93.0, 128.7121707583376)
[21Dec2025 19:17:56.864] [Server thread/INFO] [net.minecraft.server.MinecraftServer/]: visatap23_YT joined the game
[21Dec2025 19:18:13.692] [Server thread/INFO] [net.minecraft.server.MinecraftServer/]: [visatap23_YT: Set own game mode to Survival Mode]
[21Dec2025 19:18:23.364] [Server thread/INFO] [net.minecraft.server.MinecraftServer/]: Qiuu__ has made the advancement [Hot Stuff]
[21Dec2025 19:19:23.923] [Server thread/INFO] [net.minecraft.server.network.ServerGamePacketListenerImpl/]: visatap23_YT lost connection: Disconnected
[21Dec2025 19:19:23.923] [Server thread/INFO] [net.minecraft.server.MinecraftServer/]: visatap23_YT left the game
[21Dec2025 19:19:50.125] [Server thread/INFO] [net.minecraft.server.MinecraftServer/]: Idirsex2000 fell from a high place
[21Dec2025 19:19:50.127] [Server thread/INFO] [gravestone/]: The death ID of player Idirsex2000 is 0a83ad68-aab8-4d02-8163-070c7949b94a
[21Dec2025 19:19:53.003] [Server thread/INFO] [net.minecraft.server.MinecraftServer/]: [Not Secure] <Qiuu__> XD
[21Dec2025 19:20:22.207] [Server thread/INFO] [net.minecraft.server.MinecraftServer/]: Idirsex2000 has made the advancement [Monster Hunter]
[21Dec2025 19:20:28.155] [Server thread/INFO] [net.minecraft.server.MinecraftServer/]: Idirsex2000 has made the advancement [Sweet Dreams]
[21Dec2025 19:21:19.835] [Server thread/INFO] [net.minecraft.server.players.PlayerList/]: visatap23_YT[/127.69.163.222:50335] logged in with entity id 14979 at (245.6782697539479, 93.0, 128.7121707583376)
[21Dec2025 19:21:19.856] [Server thread/INFO] [net.minecraft.server.MinecraftServer/]: visatap23_YT joined the game
[21Dec2025 19:22:36.031] [Server thread/INFO] [net.minecraft.server.network.ServerGamePacketListenerImpl/]: Idirsex2000 lost connection: Disconnected
[21Dec2025 19:22:36.032] [Server thread/INFO] [net.minecraft.server.MinecraftServer/]: Idirsex2000 left the game
[21Dec2025 19:22:53.577] [Worker-Main-31/INFO] [citadel/]: vanilla surface rule behavior unchanged
[21Dec2025 19:22:55.369] [Server thread/INFO] [net.minecraft.server.MinecraftServer/]: Qiuu__ has made the advancement [We Need to Go Deeper]
[21Dec2025 19:22:56.267] [Server thread/WARN] [net.minecraft.server.network.ServerGamePacketListenerImpl/]: visatap23_YT moved too quickly! -5.633455651293218,-5.323529123855721,-6.9914440730402845
[21Dec2025 19:22:56.281] [Server thread/WARN] [net.minecraft.server.MinecraftServer/]: Can't keep up! Is the server overloaded? Running 3171ms or 63 ticks behind
[21Dec2025 19:22:56.886] [Server thread/INFO] [net.minecraft.server.MinecraftServer/]: Qiuu__ has made the advancement [A Terrible Fortress]
[21Dec2025 19:23:24.031] [Server thread/INFO] [net.minecraft.server.network.ServerGamePacketListenerImpl/]: Qiuu__ lost connection: Disconnected
[21Dec2025 19:23:24.032] [Server thread/INFO] [net.minecraft.server.MinecraftServer/]: Qiuu__ left the game
[21Dec2025 19:23:37.689] [Server thread/INFO] [net.minecraft.server.MinecraftServer/]: visatap23_YT has made the advancement [We Need to Go Deeper]
[21Dec2025 19:23:37.987] [Server thread/INFO] [net.minecraft.server.MinecraftServer/]: visatap23_YT has made the advancement [A Terrible Fortress]
[21Dec2025 19:26:47.986] [Server thread/INFO] [net.minecraft.server.players.PlayerList/]: Qiuu__[/127.199.55.203:45031] logged in with entity id 16830 at (6.481057494942285, 19.0, 8.906516084880105)
[21Dec2025 19:26:48.003] [Server thread/INFO] [net.minecraft.server.MinecraftServer/]: Qiuu__ joined the game
[21Dec2025 19:27:20.796] [Server thread/INFO] [net.minecraft.server.players.PlayerList/]: Idirsex2000[/127.178.240.157:51957] logged in with entity id 17196 at (178.21582077577784, 73.0, 71.28951532647189)
[21Dec2025 19:27:20.810] [Server thread/INFO] [net.minecraft.server.MinecraftServer/]: Idirsex2000 joined the game
[21Dec2025 19:31:56.681] [Server thread/INFO] [net.minecraft.server.MinecraftServer/]: Qiuu__ has made the advancement [Not Today, Thank You]
[21Dec2025 19:32:17.427] [Server thread/INFO] [net.minecraft.server.MinecraftServer/]: Qiuu__ withered away
[21Dec2025 19:32:17.428] [Server thread/INFO] [gravestone/]: The death ID of player Qiuu__ is 2ae234be-fbeb-452e-bab3-7c60e8d28ca0
[21Dec2025 19:33:33.818] [Server thread/INFO] [net.minecraft.server.MinecraftServer/]: Idirsex2000 was slain by Zombie
[21Dec2025 19:33:33.819] [Server thread/INFO] [gravestone/]: The death ID of player Idirsex2000 is d6df0ac4-946b-4704-a8d7-0a0f8268e502
[21Dec2025 19:35:32.282] [Server thread/INFO] [net.minecraft.server.MinecraftServer/]: Qiuu__ has made the advancement [Into Fire]
[21Dec2025 19:36:17.830] [Server thread/INFO] [net.minecraft.server.MinecraftServer/]: Qiuu__ burned to death
[21Dec2025 19:36:17.831] [Server thread/INFO] [gravestone/]: The death ID of player Qiuu__ is dfd232ef-73db-4dc4-9055-f700811c9968
[21Dec2025 19:36:26.780] [Server thread/INFO] [net.minecraft.server.MinecraftServer/]: visatap23_YT was shot by Skeleton
[21Dec2025 19:36:26.782] [Server thread/INFO] [gravestone/]: The death ID of player visatap23_YT is fac8b7e5-6e39-48a3-b38b-b85f27881923
[21Dec2025 19:36:32.773] [Server thread/INFO] [net.minecraft.server.MinecraftServer/]: Idirsex2000 was slain by Spider
[21Dec2025 19:36:32.774] [Server thread/INFO] [gravestone/]: The death ID of player Idirsex2000 is a86e481a-1958-4309-a18a-369e35fbf9d2
[21Dec2025 19:37:19.278] [Server thread/INFO] [net.minecraft.server.MinecraftServer/]: [visatap23_YT: The difficulty has been set to Normal]
[21Dec2025 19:38:02.097] [Server thread/INFO] [net.minecraft.server.MinecraftServer/]: Idirsex2000 has made the advancement [Getting an Upgrade]
[21Dec2025 19:41:44.830] [Server thread/INFO] [net.minecraft.server.MinecraftServer/]: Qiuu__ burned to death
[21Dec2025 19:41:44.831] [Server thread/INFO] [gravestone/]: The death ID of player Qiuu__ is f519ce28-f3ba-4d19-9abd-b9ec313eb6fa
[21Dec2025 19:44:18.700] [Server thread/INFO] [net.minecraft.server.MinecraftServer/]: [Not Secure] <visatap23_YT> -598736435773127051
[21Dec2025 19:48:34.290] [Server thread/INFO] [net.minecraft.server.MinecraftServer/]: Qiuu__ has made the advancement [Isn't It Iron Pick]
[21Dec2025 19:49:47.930] [Server thread/INFO] [net.minecraft.server.MinecraftServer/]: Idirsex2000 was shot by Skeleton
[21Dec2025 19:49:47.931] [Server thread/INFO] [gravestone/]: The death ID of player Idirsex2000 is ee396bfb-081c-40ef-87d8-61c13853174f
[21Dec2025 19:50:26.770] [Server thread/INFO] [net.minecraft.world.entity.npc.Villager/]: Villager Villager['Mason'/28105, l='ServerLevel[world]', x=185.06, y=89.92, z=143.90] died, message: 'Mason was slain by Zombie'
[21Dec2025 19:50:42.677] [Server thread/INFO] [net.minecraft.world.entity.npc.Villager/]: Villager Villager['Leatherworker'/28085, l='ServerLevel[world]', x=178.92, y=82.94, z=139.59] died, message: 'Leatherworker was slain by Zombie Villager'
[21Dec2025 19:52:22.400] [Server thread/INFO] [net.minecraft.server.MinecraftServer/]: Qiuu__ was slain by Enderman
[21Dec2025 19:52:22.402] [Server thread/INFO] [gravestone/]: The death ID of player Qiuu__ is 8c2b17e3-ad34-45eb-8d75-a8d91eb92d55
[21Dec2025 19:56:49.055] [Server thread/INFO] [net.minecraft.server.MinecraftServer/]: Idirsex2000 hit the ground too hard
[21Dec2025 19:56:49.056] [Server thread/INFO] [gravestone/]: The death ID of player Idirsex2000 is 92a19f6b-923f-45f7-bd18-db927a0e09bc
[21Dec2025 19:58:46.565] [Server thread/INFO] [net.minecraft.server.MinecraftServer/]: [visatap23_YT: Teleported Qiuu__ to -409.500000, 58.000000, 73.500000]
[21Dec2025 19:59:33.203] [Server thread/INFO] [net.minecraft.server.MinecraftServer/]: Idirsex2000 was doomed to fall by Drowned
[21Dec2025 19:59:33.204] [Server thread/INFO] [gravestone/]: The death ID of player Idirsex2000 is af1ebc3e-e626-4c69-b144-80c84dfb9475
[21Dec2025 20:00:00.332] [Server thread/INFO] [net.minecraft.server.MinecraftServer/]: Qiuu__ was blown up by Ghast
[21Dec2025 20:00:00.332] [Server thread/INFO] [gravestone/]: The death ID of player Qiuu__ is 778c9ce2-9b8c-4f43-ad6c-ec4086c5fd9e
[21Dec2025 20:00:07.882] [Server thread/INFO] [net.minecraft.server.MinecraftServer/]: [visatap23_YT: Teleported Qiuu__ to -409.500000, 58.000000, 73.500000]
[21Dec2025 20:04:56.780] [Server thread/INFO] [net.minecraft.server.MinecraftServer/]: Qiuu__ has reached the goal [Blood Island]
[21Dec2025 20:06:33.214] [Server thread/INFO] [net.minecraft.server.MinecraftServer/]: visatap23_YT has made the advancement [Mine? Mine? Mine?]
[21Dec2025 20:06:47.118] [Server thread/INFO] [net.minecraft.server.MinecraftServer/]: visatap23_YT was shot by Skeleton
[21Dec2025 20:06:47.119] [Server thread/INFO] [gravestone/]: The death ID of player visatap23_YT is ce80a814-1cb0-4bb1-9fb0-f202418adf8b
[21Dec2025 20:07:37.468] [Server thread/INFO] [net.minecraft.server.MinecraftServer/]: Idirsex2000 was slain by Zombie
[21Dec2025 20:07:37.469] [Server thread/INFO] [gravestone/]: The death ID of player Idirsex2000 is 839b4797-aef4-45f2-abba-844c1aabb13b
[21Dec2025 20:10:32.315] [Server thread/INFO] [net.minecraft.server.MinecraftServer/]: Idirsex2000 has made the advancement [Mine? Mine? Mine?]
[21Dec2025 20:12:58.736] [Server thread/INFO] [net.minecraft.server.MinecraftServer/]: Idirsex2000 has made the advancement [Acquire Hardware]
[21Dec2025 20:14:22.618] [Server thread/WARN] [net.minecraft.world.level.chunk.LevelChunk/]: Tried to load a DUMMY block entity @ BlockPos{x=162, y=56, z=671} but found not block entity block Block{minecraft:air} at location
[21Dec2025 20:14:22.619] [Server thread/WARN] [net.minecraft.world.level.chunk.LevelChunk/]: Tried to load a block entity for block Block{minecraft:air} but failed at location BlockPos{x=162, y=56, z=671}
[21Dec2025 20:14:22.619] [Server thread/WARN] [net.minecraft.world.level.chunk.LevelChunk/]: Tried to load a DUMMY block entity @ BlockPos{x=174, y=56, z=658} but found not block entity block Block{minecraft:air} at location
[21Dec2025 20:14:22.619] [Server thread/WARN] [net.minecraft.world.level.chunk.LevelChunk/]: Tried to load a block entity for block Block{minecraft:air} but failed at location BlockPos{x=174, y=56, z=658}
[21Dec2025 20:14:22.619] [Server thread/WARN] [net.minecraft.world.level.chunk.LevelChunk/]: Tried to load a DUMMY block entity @ BlockPos{x=160, y=56, z=669} but found not block entity block Block{minecraft:air} at location
[21Dec2025 20:14:22.619] [Server thread/WARN] [net.minecraft.world.level.chunk.LevelChunk/]: Tried to load a block entity for block Block{minecraft:air} but failed at location BlockPos{x=160, y=56, z=669}
[21Dec2025 20:14:22.619] [Server thread/WARN] [net.minecraft.world.level.chunk.LevelChunk/]: Tried to load a DUMMY block entity @ BlockPos{x=160, y=56, z=671} but found not block entity block Block{minecraft:air} at location
[21Dec2025 20:14:22.619] [Server thread/WARN] [net.minecraft.world.level.chunk.LevelChunk/]: Tried to load a block entity for block Block{minecraft:air} but failed at location BlockPos{x=160, y=56, z=671}
[21Dec2025 20:14:22.619] [Server thread/WARN] [net.minecraft.world.level.chunk.LevelChunk/]: Tried to load a DUMMY block entity @ BlockPos{x=162, y=56, z=669} but found not block entity block Block{minecraft:air} at location
[21Dec2025 20:14:22.620] [Server thread/WARN] [net.minecraft.world.level.chunk.LevelChunk/]: Tried to load a block entity for block Block{minecraft:air} but failed at location BlockPos{x=162, y=56, z=669}
[21Dec2025 20:14:22.620] [Server thread/WARN] [net.minecraft.world.level.chunk.LevelChunk/]: Tried to load a DUMMY block entity @ BlockPos{x=174, y=56, z=656} but found not block entity block Block{minecraft:air} at location
[21Dec2025 20:14:22.620] [Server thread/WARN] [net.minecraft.world.level.chunk.LevelChunk/]: Tried to load a block entity for block Block{minecraft:air} but failed at location BlockPos{x=174, y=56, z=656}
[21Dec2025 20:14:22.620] [Server thread/WARN] [net.minecraft.world.level.chunk.LevelChunk/]: Tried to load a DUMMY block entity @ BlockPos{x=160, y=56, z=656} but found not block entity block Block{minecraft:air} at location
[21Dec2025 20:14:22.620] [Server thread/WARN] [net.minecraft.world.level.chunk.LevelChunk/]: Tried to load a block entity for block Block{minecraft:air} but failed at location BlockPos{x=160, y=56, z=656}
[21Dec2025 20:14:22.620] [Server thread/WARN] [net.minecraft.world.level.chunk.LevelChunk/]: Tried to load a DUMMY block entity @ BlockPos{x=160, y=56, z=658} but found not block entity block Block{minecraft:air} at location
[21Dec2025 20:14:22.620] [Server thread/WARN] [net.minecraft.world.level.chunk.LevelChunk/]: Tried to load a block entity for block Block{minecraft:air} but failed at location BlockPos{x=160, y=56, z=658}
[21Dec2025 20:14:22.620] [Server thread/WARN] [net.minecraft.world.level.chunk.LevelChunk/]: Tried to load a DUMMY block entity @ BlockPos{x=162, y=56, z=656} but found not block entity block Block{minecraft:air} at location
[21Dec2025 20:14:22.621] [Server thread/WARN] [net.minecraft.world.level.chunk.LevelChunk/]: Tried to load a block entity for block Block{minecraft:air} but failed at location BlockPos{x=162, y=56, z=656}
[21Dec2025 20:14:22.621] [Server thread/WARN] [net.minecraft.world.level.chunk.LevelChunk/]: Tried to load a DUMMY block entity @ BlockPos{x=162, y=56, z=658} but found not block entity block Block{minecraft:air} at location
[21Dec2025 20:14:22.621] [Server thread/WARN] [net.minecraft.world.level.chunk.LevelChunk/]: Tried to load a block entity for block Block{minecraft:air} but failed at location BlockPos{x=162, y=56, z=658}
[21Dec2025 20:15:01.087] [Server thread/INFO] [net.minecraft.server.MinecraftServer/]: Qiuu__ withered away whilst fighting Blaze
[21Dec2025 20:15:01.087] [Server thread/INFO] [gravestone/]: The death ID of player Qiuu__ is d7cb790e-2baa-427d-b979-103b671eceb1
[21Dec2025 20:15:10.532] [Server thread/WARN] [net.minecraft.server.network.ServerGamePacketListenerImpl/]: visatap23_YT was kicked for floating too long!
[21Dec2025 20:15:10.533] [Server thread/INFO] [net.minecraft.server.network.ServerGamePacketListenerImpl/]: visatap23_YT lost connection: Disconnected
[21Dec2025 20:15:10.533] [Server thread/INFO] [net.minecraft.server.MinecraftServer/]: visatap23_YT left the game
[21Dec2025 20:15:10.579] [Server thread/WARN] [net.minecraft.network.Connection/]: handleDisconnection() called twice
[21Dec2025 20:15:24.384] [Server thread/INFO] [net.minecraft.server.players.PlayerList/]: visatap23_YT[/127.69.163.222:56587] logged in with entity id 42887 at (344.50596592775577, 118.1212968405392, 236.0623447639574)
[21Dec2025 20:15:24.403] [Server thread/INFO] [net.minecraft.server.MinecraftServer/]: visatap23_YT joined the game
[21Dec2025 20:22:35.424] [Server thread/INFO] [net.minecraft.server.MinecraftServer/]: [Not Secure] <Qiuu__> lol
[21Dec2025 20:28:24.229] [Server thread/INFO] [net.minecraft.server.MinecraftServer/]: visatap23_YT drowned
[21Dec2025 20:28:24.229] [Server thread/INFO] [gravestone/]: The death ID of player visatap23_YT is 481aeb3e-8c89-4c5d-b87a-da000d2a51d2
[21Dec2025 20:29:11.946] [Server thread/INFO] [net.minecraft.server.MinecraftServer/]: [Not Secure] <Qiuu__> nomalaspalabras
[21Dec2025 20:31:32.465] [Server thread/INFO] [net.minecraft.server.MinecraftServer/]: Qiuu__ was slain by Bison
[21Dec2025 20:31:32.466] [Server thread/INFO] [gravestone/]: The death ID of player Qiuu__ is 22d15ca9-df07-48a6-886f-1534a36a7f7f
[21Dec2025 20:34:48.715] [Server thread/INFO] [net.minecraft.server.MinecraftServer/]: Qiuu__ was slain by Gelada Monkey
[21Dec2025 20:34:48.716] [Server thread/INFO] [gravestone/]: The death ID of player Qiuu__ is acda17d0-955e-432f-adda-6f2703c6fe5f
[21Dec2025 20:36:44.380] [Server thread/INFO] [net.minecraft.server.network.ServerGamePacketListenerImpl/]: Qiuu__ lost connection: Disconnected
[21Dec2025 20:36:44.380] [Server thread/INFO] [net.minecraft.server.MinecraftServer/]: Qiuu__ left the game
[21Dec2025 20:36:54.935] [Server thread/INFO] [net.minecraft.server.players.PlayerList/]: Qiuu__[/127.199.55.203:55309] logged in with entity id 48967 at (341.1729543154354, 112.0, 195.2933838132097)
[21Dec2025 20:36:54.954] [Server thread/INFO] [net.minecraft.server.MinecraftServer/]: Qiuu__ joined the game
[21Dec2025 20:47:49.581] [Server thread/INFO] [net.minecraft.server.MinecraftServer/]: Idirsex2000 has made the advancement [Into Fire]
[21Dec2025 20:50:54.671] [Server thread/INFO] [net.minecraft.server.MinecraftServer/]: Qiuu__ was slain by Enderman
[21Dec2025 20:50:54.672] [Server thread/INFO] [gravestone/]: The death ID of player Qiuu__ is 9bf02fe7-9834-49db-bde1-d414dd91d4ce
[21Dec2025 20:51:06.120] [Server thread/INFO] [net.minecraft.server.MinecraftServer/]: visatap23_YT was slain by Enderman
[21Dec2025 20:51:06.120] [Server thread/INFO] [gravestone/]: The death ID of player visatap23_YT is 065eeab4-c4d1-40c8-af5d-0869cd4c875a
[21Dec2025 20:52:34.283] [Server thread/INFO] [net.minecraft.server.MinecraftServer/]: [Not Secure] <Qiuu__> duerme topo
[21Dec2025 20:56:22.999] [Server thread/WARN] [net.minecraft.server.network.ServerGamePacketListenerImpl/]: Idirsex2000 moved too quickly! -9.211362786959427,1.7531999805212024,3.816773175754008
[21Dec2025 20:59:42.223] [Server thread/INFO] [net.minecraft.server.network.ServerGamePacketListenerImpl/]: visatap23_YT lost connection: Disconnected
[21Dec2025 20:59:42.223] [Server thread/INFO] [net.minecraft.server.MinecraftServer/]: visatap23_YT left the game
[21Dec2025 21:05:36.334] [Server thread/INFO] [net.minecraft.server.players.PlayerList/]: visatap23_YT[/127.69.163.222:46123] logged in with entity id 56762 at (162.13788353178404, 73.0, 86.49660665341666)
[21Dec2025 21:05:36.354] [Server thread/INFO] [net.minecraft.server.MinecraftServer/]: visatap23_YT joined the game
[21Dec2025 21:08:01.935] [Server thread/INFO] [net.minecraft.server.MinecraftServer/]: visatap23_YT hit the ground too hard
[21Dec2025 21:08:01.936] [Server thread/INFO] [gravestone/]: The death ID of player visatap23_YT is 1ae62bce-55c8-42af-b336-3186667b8e92
[21Dec2025 21:08:59.976] [Server thread/INFO] [net.minecraft.server.MinecraftServer/]: [visatap23_YT: Teleported visatap23_YT to Idirsex2000]
[21Dec2025 21:09:48.229] [Server thread/INFO] [net.minecraft.server.MinecraftServer/]: [visatap23_YT: Teleported visatap23_YT to Idirsex2000]
[21Dec2025 21:10:43.739] [Server thread/WARN] [net.minecraft.server.level.ServerPlayerGameMode/]: Mismatch in destroy block pos: BlockPos{x=184, y=69, z=76} BlockPos{x=184, y=68, z=76}
[21Dec2025 21:10:53.417] [Server thread/INFO] [net.minecraft.server.MinecraftServer/]: Idirsex2000 was slain by Spider
[21Dec2025 21:10:53.417] [Server thread/INFO] [gravestone/]: The death ID of player Idirsex2000 is 3a5c3e68-d617-4684-a3b8-d8601f8af42a
[21Dec2025 21:11:26.127] [Server thread/INFO] [net.minecraft.server.MinecraftServer/]: Idirsex2000 was slain by visatap23_YT
[21Dec2025 21:11:26.128] [Server thread/INFO] [gravestone/]: The death ID of player Idirsex2000 is 92662b67-0b30-4a6e-97c6-b3535e4a2eef
[21Dec2025 21:11:28.442] [Server thread/INFO] [net.minecraft.server.MinecraftServer/]: visatap23_YT was slain by Qiuu__
[21Dec2025 21:11:28.443] [Server thread/INFO] [gravestone/]: The death ID of player visatap23_YT is 6d2e3e10-034a-4239-b2cb-bc904cf68d2e
[21Dec2025 21:11:49.724] [Server thread/INFO] [net.minecraft.server.MinecraftServer/]: Idirsex2000 was slain by visatap23_YT
[21Dec2025 21:11:49.725] [Server thread/INFO] [gravestone/]: The death ID of player Idirsex2000 is d947b5f8-7fde-49b0-8a66-86fe6226e716
[21Dec2025 21:11:58.201] [Server thread/INFO] [net.minecraft.server.MinecraftServer/]: visatap23_YT was slain by Idirsex2000
[21Dec2025 21:11:58.201] [Server thread/INFO] [gravestone/]: The death ID of player visatap23_YT is 46f05e48-e5e9-4205-b9e6-7cdf694af547
[21Dec2025 21:12:06.080] [Server thread/INFO] [net.minecraft.server.MinecraftServer/]: Idirsex2000 was slain by visatap23_YT
[21Dec2025 21:12:06.081] [Server thread/INFO] [gravestone/]: The death ID of player Idirsex2000 is 346c9d66-168b-4722-bcd4-ac65dd02fd5d
[21Dec2025 21:12:24.378] [Server thread/INFO] [net.minecraft.server.MinecraftServer/]: Idirsex2000 was slain by visatap23_YT
[21Dec2025 21:12:24.378] [Server thread/INFO] [gravestone/]: The death ID of player Idirsex2000 is 7af76bf6-79ae-4ef4-8bc8-b1e47c1b8eef
[21Dec2025 21:12:28.074] [Server thread/INFO] [net.minecraft.server.MinecraftServer/]: [Not Secure] <Qiuu__> controlen sus impulsos homosexuales
[21Dec2025 21:12:36.297] [Server thread/INFO] [net.minecraft.server.MinecraftServer/]: visatap23_YT was slain by Idirsex2000
[21Dec2025 21:12:36.299] [Server thread/INFO] [gravestone/]: The death ID of player visatap23_YT is 383c38c5-c023-4b82-a560-cb5b40d11ba7
[21Dec2025 21:12:48.839] [Server thread/INFO] [net.minecraft.server.MinecraftServer/]: Idirsex2000 was slain by Qiuu__
[21Dec2025 21:12:48.840] [Server thread/INFO] [gravestone/]: The death ID of player Idirsex2000 is 5b8ef059-9e82-48e5-90a8-7e5d5170d42a
[21Dec2025 21:12:58.788] [Server thread/INFO] [net.minecraft.server.MinecraftServer/]: visatap23_YT was slain by Idirsex2000
[21Dec2025 21:12:58.789] [Server thread/INFO] [gravestone/]: The death ID of player visatap23_YT is 9b62af8b-c8c1-4ccf-b16f-03ebb77b1ec4
[21Dec2025 21:12:59.340] [Server thread/INFO] [net.minecraft.server.MinecraftServer/]: Qiuu__ has made the advancement [Suit Up]
[21Dec2025 21:13:09.089] [Server thread/INFO] [net.minecraft.server.MinecraftServer/]: visatap23_YT was slain by Qiuu__
[21Dec2025 21:13:09.090] [Server thread/INFO] [gravestone/]: The death ID of player visatap23_YT is 242c48d2-1953-4aa0-939e-747c01a885dc
[21Dec2025 21:13:23.046] [Server thread/INFO] [net.minecraft.server.MinecraftServer/]: Idirsex2000 was slain by Qiuu__
[21Dec2025 21:13:23.047] [Server thread/INFO] [gravestone/]: The death ID of player Idirsex2000 is 44f132e9-d7ab-4736-a8f8-68143f12e8c9
[21Dec2025 21:13:35.016] [Server thread/INFO] [net.minecraft.server.MinecraftServer/]: visatap23_YT was slain by Enderman
[21Dec2025 21:13:35.017] [Server thread/INFO] [gravestone/]: The death ID of player visatap23_YT is cbfc8b3f-1716-435b-ac7b-5a127c2eb56e
[21Dec2025 21:13:40.750] [Server thread/INFO] [net.minecraft.server.MinecraftServer/]: Qiuu__ was slain by Idirsex2000
[21Dec2025 21:13:40.751] [Server thread/INFO] [gravestone/]: The death ID of player Qiuu__ is 24f1730e-71d6-48bd-8114-35822b5cfb43
[21Dec2025 21:15:08.744] [Server thread/INFO] [net.minecraft.server.MinecraftServer/]: visatap23_YT was slain by Idirsex2000
[21Dec2025 21:15:08.745] [Server thread/INFO] [gravestone/]: The death ID of player visatap23_YT is b84f6310-52c7-48bc-9e07-37edb32edff1
[21Dec2025 21:15:20.139] [Server thread/INFO] [net.minecraft.server.MinecraftServer/]: visatap23_YT was slain by Qiuu__
[21Dec2025 21:15:20.140] [Server thread/INFO] [gravestone/]: The death ID of player visatap23_YT is 05f15b65-fbd9-4813-aed1-1d953c3678be
[21Dec2025 21:15:43.725] [Server thread/INFO] [net.minecraft.server.MinecraftServer/]: visatap23_YT was slain by Qiuu__
[21Dec2025 21:15:43.726] [Server thread/INFO] [gravestone/]: The death ID of player visatap23_YT is 9131bd91-fb56-42c4-a872-df255c89f92e
[21Dec2025 21:15:56.680] [Server thread/INFO] [net.minecraft.server.MinecraftServer/]: Idirsex2000 was slain by visatap23_YT
[21Dec2025 21:15:56.681] [Server thread/INFO] [gravestone/]: The death ID of player Idirsex2000 is 3bcfd0c5-c0ee-4300-8a65-e8bc29bc3c90
[21Dec2025 21:16:08.595] [Server thread/INFO] [net.minecraft.server.MinecraftServer/]: visatap23_YT was slain by Idirsex2000
[21Dec2025 21:16:08.596] [Server thread/INFO] [gravestone/]: The death ID of player visatap23_YT is b8c4ba9c-92ae-470b-bdd3-8666ef6c6af2
[21Dec2025 21:16:24.394] [Server thread/INFO] [net.minecraft.server.MinecraftServer/]: visatap23_YT was slain by Idirsex2000
[21Dec2025 21:16:24.395] [Server thread/INFO] [gravestone/]: The death ID of player visatap23_YT is 834fe68c-a0ad-4d8c-8507-22c233c2b209
[21Dec2025 21:18:17.117] [Worker-Main-32/ERROR] [net.minecraft.world.entity.decoration.HangingEntity/]: Hanging entity at invalid position: BlockPos{x=311, y=48, z=214}
[21Dec2025 21:18:17.118] [Worker-Main-32/ERROR] [net.minecraft.world.entity.decoration.HangingEntity/]: Hanging entity at invalid position: BlockPos{x=310, y=48, z=214}
[21Dec2025 21:18:17.118] [Worker-Main-32/ERROR] [net.minecraft.world.entity.decoration.HangingEntity/]: Hanging entity at invalid position: BlockPos{x=310, y=49, z=214}
[21Dec2025 21:18:17.118] [Worker-Main-32/ERROR] [net.minecraft.world.entity.decoration.HangingEntity/]: Hanging entity at invalid position: BlockPos{x=311, y=49, z=214}
[21Dec2025 21:18:17.119] [Worker-Main-32/ERROR] [net.minecraft.world.entity.decoration.HangingEntity/]: Hanging entity at invalid position: BlockPos{x=311, y=50, z=214}
[21Dec2025 21:18:17.119] [Worker-Main-32/ERROR] [net.minecraft.world.entity.decoration.HangingEntity/]: Hanging entity at invalid position: BlockPos{x=310, y=50, z=214}
[21Dec2025 21:18:17.428] [Worker-Main-32/ERROR] [net.minecraft.world.entity.decoration.HangingEntity/]: Hanging entity at invalid position: BlockPos{x=309, y=49, z=214}
[21Dec2025 21:18:17.428] [Worker-Main-32/ERROR] [net.minecraft.world.entity.decoration.HangingEntity/]: Hanging entity at invalid position: BlockPos{x=309, y=48, z=214}
[21Dec2025 21:18:17.429] [Worker-Main-32/ERROR] [net.minecraft.world.entity.decoration.HangingEntity/]: Hanging entity at invalid position: BlockPos{x=309, y=50, z=214}
[21Dec2025 21:18:22.320] [Worker-Main-11/ERROR] [net.minecraft.world.entity.decoration.HangingEntity/]: Hanging entity at invalid position: BlockPos{x=311, y=48, z=214}
[21Dec2025 21:18:22.321] [Worker-Main-11/ERROR] [net.minecraft.world.entity.decoration.HangingEntity/]: Hanging entity at invalid position: BlockPos{x=311, y=49, z=214}
[21Dec2025 21:18:22.322] [Worker-Main-11/ERROR] [net.minecraft.world.entity.decoration.HangingEntity/]: Hanging entity at invalid position: BlockPos{x=311, y=50, z=214}
[21Dec2025 21:18:22.368] [Worker-Main-11/ERROR] [net.minecraft.world.entity.decoration.HangingEntity/]: Hanging entity at invalid position: BlockPos{x=310, y=48, z=214}
[21Dec2025 21:18:22.369] [Worker-Main-11/ERROR] [net.minecraft.world.entity.decoration.HangingEntity/]: Hanging entity at invalid position: BlockPos{x=309, y=49, z=214}
[21Dec2025 21:18:22.369] [Worker-Main-11/ERROR] [net.minecraft.world.entity.decoration.HangingEntity/]: Hanging entity at invalid position: BlockPos{x=309, y=48, z=214}
[21Dec2025 21:18:22.369] [Worker-Main-11/ERROR] [net.minecraft.world.entity.decoration.HangingEntity/]: Hanging entity at invalid position: BlockPos{x=310, y=49, z=214}
[21Dec2025 21:18:22.369] [Worker-Main-11/ERROR] [net.minecraft.world.entity.decoration.HangingEntity/]: Hanging entity at invalid position: BlockPos{x=310, y=50, z=214}
[21Dec2025 21:18:22.369] [Worker-Main-11/ERROR] [net.minecraft.world.entity.decoration.HangingEntity/]: Hanging entity at invalid position: BlockPos{x=309, y=50, z=214}
[21Dec2025 21:18:40.636] [Server thread/INFO] [net.minecraft.world.entity.npc.Villager/]: Villager Villager['Villager'/61109, l='ServerLevel[world]', x=-267.44, y=0.00, z=522.30] died, message: 'Villager was shot by Pillager'
[21Dec2025 21:19:40.637] [Server thread/INFO] [net.minecraft.server.MinecraftServer/]: Qiuu__ withered away whilst fighting Skeleton
[21Dec2025 21:19:40.638] [Server thread/INFO] [gravestone/]: The death ID of player Qiuu__ is f31465e8-fa3e-4eb9-8f3b-40be75cece14
[21Dec2025 21:19:57.233] [Worker-Main-31/ERROR] [net.minecraft.world.entity.decoration.HangingEntity/]: Hanging entity at invalid position: BlockPos{x=217, y=48, z=159}
[21Dec2025 21:20:28.725] [Server thread/INFO] [net.minecraft.server.MinecraftServer/]: [visatap23_YT: Set own game mode to Spectator Mode]
[21Dec2025 21:20:48.650] [Server thread/INFO] [net.minecraft.server.MinecraftServer/]: [visatap23_YT: Set own game mode to Survival Mode]
[21Dec2025 21:21:00.174] [Server thread/INFO] [net.minecraft.server.MinecraftServer/]: Idirsex2000 was slain by visatap23_YT
[21Dec2025 21:21:00.174] [Server thread/INFO] [gravestone/]: The death ID of player Idirsex2000 is 68b65b6d-7757-4714-84ca-88d8d77b8b45
[21Dec2025 21:21:19.537] [Server thread/INFO] [net.minecraft.server.MinecraftServer/]: [visatap23_YT: Teleported Idirsex2000 to visatap23_YT]
[21Dec2025 21:25:03.484] [Server thread/INFO] [net.minecraft.server.MinecraftServer/]: Qiuu__ was fireballed by Blaze
[21Dec2025 21:25:03.485] [Server thread/INFO] [gravestone/]: The death ID of player Qiuu__ is 85181ae6-6698-465b-af96-9809b4574328
[21Dec2025 21:25:26.578] [Server thread/INFO] [net.minecraft.world.entity.npc.Villager/]: Villager Villager['Villager'/52014, l='ServerLevel[world]', x=168.16, y=71.90, z=79.17] died, message: 'Villager was impaled by Drowned'
[21Dec2025 21:25:32.081] [Server thread/INFO] [net.minecraft.world.entity.npc.Villager/]: Villager Villager['Villager'/41472, l='ServerLevel[world]', x=168.36, y=71.90, z=79.18] died, message: 'Villager was impaled by Drowned'
[21Dec2025 21:25:35.980] [Server thread/INFO] [net.minecraft.server.MinecraftServer/]: visatap23_YT was impaled by Drowned
[21Dec2025 21:25:35.981] [Server thread/INFO] [gravestone/]: The death ID of player visatap23_YT is 541ff61f-f070-4e94-b72e-d6aac74510c6
[21Dec2025 21:25:44.875] [Server thread/INFO] [net.minecraft.server.MinecraftServer/]: visatap23_YT was impaled by Drowned
[21Dec2025 21:25:44.875] [Server thread/INFO] [gravestone/]: The death ID of player visatap23_YT is 502824b3-606e-456d-999e-ac039053c41f
[21Dec2025 21:25:55.974] [Server thread/INFO] [net.minecraft.server.MinecraftServer/]: visatap23_YT was impaled by Drowned
[21Dec2025 21:25:55.975] [Server thread/INFO] [gravestone/]: The death ID of player visatap23_YT is abc220b1-c5d1-44ca-98d9-9ca5d26943b2
[21Dec2025 21:26:05.580] [Server thread/INFO] [net.minecraft.server.MinecraftServer/]: Qiuu__ withered away whilst fighting Wither Skeleton
[21Dec2025 21:26:05.580] [Server thread/INFO] [gravestone/]: The death ID of player Qiuu__ is 85b67231-63a0-4a65-abfb-dead4107b459
[21Dec2025 21:26:05.724] [Server thread/INFO] [net.minecraft.server.MinecraftServer/]: visatap23_YT was impaled by Drowned
[21Dec2025 21:26:05.724] [Server thread/INFO] [gravestone/]: The death ID of player visatap23_YT is 340a03c5-33fc-48a7-bfb8-b3094972af22
[21Dec2025 21:27:18.326] [Server thread/INFO] [net.minecraft.server.MinecraftServer/]: Idirsex2000 was shot by Skeleton
[21Dec2025 21:27:18.327] [Server thread/INFO] [gravestone/]: The death ID of player Idirsex2000 is cad558c0-5cef-4630-97ef-6c44bb8c9a22
[21Dec2025 21:27:21.969] [Server thread/INFO] [net.minecraft.server.MinecraftServer/]: visatap23_YT was slain by Zombie
[21Dec2025 21:27:21.969] [Server thread/INFO] [gravestone/]: The death ID of player visatap23_YT is 4f88e065-8882-434b-aa7c-11d201131c33
[21Dec2025 21:27:41.271] [Server thread/INFO] [net.minecraft.world.entity.npc.Villager/]: Villager Villager['Villager'/49267, l='ServerLevel[world]', x=168.16, y=71.90, z=79.17] died, message: 'Villager was slain by Zombie'
[21Dec2025 21:28:11.179] [Server thread/INFO] [net.minecraft.server.MinecraftServer/]: Qiuu__ withered away
[21Dec2025 21:28:11.179] [Server thread/INFO] [gravestone/]: The death ID of player Qiuu__ is 1af2c887-d001-4b32-af5f-acfcf77685dd
[21Dec2025 21:28:40.120] [Server thread/INFO] [net.minecraft.server.MinecraftServer/]: visatap23_YT was shot by Skeleton
[21Dec2025 21:28:40.121] [Server thread/INFO] [gravestone/]: The death ID of player visatap23_YT is d2e3b601-7013-43ac-8013-3edc6339ac93
[21Dec2025 21:28:40.221] [Server thread/INFO] [net.minecraft.server.MinecraftServer/]: [Not Secure] <visatap23_YT> -
[21Dec2025 21:29:02.990] [Server thread/INFO] [net.minecraft.server.MinecraftServer/]: Idirsex2000 hit the ground too hard whilst trying to escape Skeleton
[21Dec2025 21:29:02.990] [Server thread/INFO] [gravestone/]: The death ID of player Idirsex2000 is cd1a2c12-c209-4e79-9abe-fa337706db4f
[21Dec2025 21:29:18.872] [Server thread/INFO] [net.minecraft.server.MinecraftServer/]: Qiuu__ was shot by Skeleton
[21Dec2025 21:29:18.872] [Server thread/INFO] [gravestone/]: The death ID of player Qiuu__ is 1151a138-ba70-4db5-ac4a-4224f792b2ed
[21Dec2025 21:30:01.975] [Server thread/INFO] [net.minecraft.server.MinecraftServer/]: [visatap23_YT: Teleported Qiuu__ to 7.500000, 19.000000, 14.500000]
[21Dec2025 21:30:12.870] [Server thread/INFO] [net.minecraft.server.MinecraftServer/]: Idirsex2000 was shot by Skeleton
[21Dec2025 21:30:12.871] [Server thread/INFO] [gravestone/]: The death ID of player Idirsex2000 is ca8fb094-f640-4e21-806e-7ec686fd2a2a
[21Dec2025 21:30:56.204] [Server thread/WARN] [net.minecraft.world.level.storage.loot.functions.SetItemDamageFunction/]: Couldn't set damage of loot item 1 iron_horse_armor
[21Dec2025 21:31:19.221] [Server thread/INFO] [net.minecraft.server.MinecraftServer/]: Idirsex2000 was slain by Ghost
[21Dec2025 21:31:19.222] [Server thread/INFO] [gravestone/]: The death ID of player Idirsex2000 is 8bb818d1-fb01-4935-9178-c8e880babf25
[21Dec2025 21:31:19.525] [Server thread/INFO] [net.minecraft.server.MinecraftServer/]: Qiuu__ was slain by Piglin
[21Dec2025 21:31:19.525] [Server thread/INFO] [gravestone/]: The death ID of player Qiuu__ is b7da250f-8b21-4137-84e5-aefbf2efdb8d
[21Dec2025 21:31:41.195] [Server thread/INFO] [net.minecraft.server.MinecraftServer/]: Idirsex2000 has made the advancement [Who You Gonna Call?]
[21Dec2025 21:31:46.206] [Server thread/INFO] [net.minecraft.server.MinecraftServer/]: [visatap23_YT: Teleported Qiuu__ to 80.500000, 83.000000, 55.500000]
[21Dec2025 21:33:31.795] [Server thread/INFO] [net.minecraft.server.MinecraftServer/]: Qiuu__ hit the ground too hard
[21Dec2025 21:33:31.796] [Server thread/INFO] [gravestone/]: The death ID of player Qiuu__ is 6fa0356d-8da5-4d49-9ef0-d6a7abda8259
[21Dec2025 21:33:43.653] [Server thread/INFO] [net.minecraft.server.MinecraftServer/]: Idirsex2000 was slain by visatap23_YT
[21Dec2025 21:33:43.654] [Server thread/INFO] [gravestone/]: The death ID of player Idirsex2000 is 70f87cf3-f8d4-48f1-aebf-3755ad2c426d
[21Dec2025 21:34:13.400] [Server thread/INFO] [net.minecraft.server.MinecraftServer/]: Idirsex2000 has made the advancement [We Need to Go Deeper]
[21Dec2025 21:34:13.824] [Server thread/INFO] [net.minecraft.server.MinecraftServer/]: Idirsex2000 has made the advancement [A Terrible Fortress]
[21Dec2025 21:34:22.730] [Server thread/INFO] [net.minecraft.server.MinecraftServer/]: [visatap23_YT: Teleported Qiuu__ to 81.500000, 83.000000, 19.500000]
[21Dec2025 21:36:16.574] [Server thread/INFO] [net.minecraft.server.MinecraftServer/]: visatap23_YT was slain by Ghost
[21Dec2025 21:36:16.575] [Server thread/INFO] [gravestone/]: The death ID of player visatap23_YT is 375b85bb-f620-43d9-92bb-0cbd4204271d
[21Dec2025 21:38:49.015] [Server thread/INFO] [net.minecraft.server.MinecraftServer/]: visatap23_YT was slain by Wither Skeleton
[21Dec2025 21:38:49.016] [Server thread/INFO] [gravestone/]: The death ID of player visatap23_YT is 6b728c52-5ee0-4153-a3e9-6926fcad64dc
[21Dec2025 21:39:03.967] [Server thread/INFO] [net.minecraft.server.MinecraftServer/]: visatap23_YT was slain by Wither Skeleton
[21Dec2025 21:39:03.967] [Server thread/INFO] [gravestone/]: The death ID of player visatap23_YT is d0c79ef7-cf1e-4f12-9a62-3a7627323c0a
[21Dec2025 21:39:08.249] [Server thread/INFO] [net.minecraft.server.MinecraftServer/]: [visatap23_YT: Set own game mode to Creative Mode]
[21Dec2025 21:39:30.218] [Server thread/INFO] [net.minecraft.server.network.ServerGamePacketListenerImpl/]: visatap23_YT lost connection: Disconnected
[21Dec2025 21:39:30.219] [Server thread/INFO] [net.minecraft.server.MinecraftServer/]: visatap23_YT left the game
[21Dec2025 21:40:04.968] [Server thread/INFO] [net.minecraft.server.MinecraftServer/]: Qiuu__ burned to death
[21Dec2025 21:40:04.969] [Server thread/INFO] [gravestone/]: The death ID of player Qiuu__ is ea0e30d7-22c7-4efb-93f0-d22f0654bb7c
[21Dec2025 21:41:03.242] [Server thread/INFO] [net.minecraft.server.players.PlayerList/]: visatap23_YT[/127.69.163.222:41477] logged in with entity id 77582 at (10.365114254444686, 19.0, 6.229596887608365)
[21Dec2025 21:41:03.259] [Server thread/INFO] [net.minecraft.server.MinecraftServer/]: visatap23_YT joined the game
[21Dec2025 21:41:53.748] [Server thread/INFO] [net.minecraft.server.MinecraftServer/]: [visatap23_YT: Teleported Qiuu__ to 19.500000, 28.000000, 22.500000]
[21Dec2025 21:42:01.104] [Server thread/INFO] [net.minecraft.server.MinecraftServer/]: Idirsex2000 has made the advancement [Diamonds!]
[21Dec2025 21:42:48.989] [Server thread/INFO] [net.minecraft.server.MinecraftServer/]: visatap23_YT has made the advancement [Diamonds!]
[21Dec2025 21:43:15.157] [Server thread/INFO] [net.minecraft.server.MinecraftServer/]: [visatap23_YT: Set own game mode to Survival Mode]
[21Dec2025 21:43:22.382] [Server thread/INFO] [net.minecraft.server.MinecraftServer/]: visatap23_YT has made the advancement [Ice Bucket Challenge]
[21Dec2025 21:43:54.119] [Server thread/INFO] [net.minecraft.server.MinecraftServer/]: Qiuu__ was fireballed by Blaze
[21Dec2025 21:43:54.120] [Server thread/INFO] [gravestone/]: The death ID of player Qiuu__ is 1fdb5be8-40b3-4854-9783-05bbcd87c831
[21Dec2025 21:44:11.933] [Server thread/INFO] [net.minecraft.server.MinecraftServer/]: [visatap23_YT: Set own game mode to Creative Mode]
[21Dec2025 21:44:29.274] [Server thread/INFO] [net.minecraft.server.MinecraftServer/]: Idirsex2000 was slain by Wither Skeleton
[21Dec2025 21:44:29.274] [Server thread/INFO] [gravestone/]: The death ID of player Idirsex2000 is bc28543d-5008-4352-b978-a455c3f2c2d8
[21Dec2025 21:44:38.229] [Server thread/INFO] [net.minecraft.server.network.ServerGamePacketListenerImpl/]: visatap23_YT lost connection: Disconnected
[21Dec2025 21:44:38.229] [Server thread/INFO] [net.minecraft.server.MinecraftServer/]: visatap23_YT left the game
[21Dec2025 21:45:02.575] [Server thread/INFO] [net.minecraft.server.MinecraftServer/]: Idirsex2000 was slain by Wither Skeleton
[21Dec2025 21:45:02.576] [Server thread/INFO] [gravestone/]: The death ID of player Idirsex2000 is 80b75ac0-155b-41b4-94b1-26bd73ab6806
[21Dec2025 21:45:39.420] [Server thread/INFO] [net.minecraft.server.MinecraftServer/]: Idirsex2000 was slain by Wither Skeleton
[21Dec2025 21:45:39.421] [Server thread/INFO] [gravestone/]: The death ID of player Idirsex2000 is 482d610b-9660-490a-b7b1-375f69c64778
[21Dec2025 21:46:05.478] [Server thread/INFO] [net.minecraft.server.players.PlayerList/]: visatap23_YT[/127.69.163.222:35549] logged in with entity id 79752 at (56.115719532482856, 22.0, 55.765631275407344)
[21Dec2025 21:46:05.498] [Server thread/INFO] [net.minecraft.server.MinecraftServer/]: visatap23_YT joined the game
[21Dec2025 21:46:10.025] [Server thread/INFO] [net.minecraft.server.MinecraftServer/]: Idirsex2000 was slain by Blaze
[21Dec2025 21:46:10.026] [Server thread/INFO] [gravestone/]: The death ID of player Idirsex2000 is f55f509e-bdea-4387-8f42-792ce7d4bccf
[21Dec2025 21:46:19.779] [Server thread/INFO] [net.minecraft.server.MinecraftServer/]: [visatap23_YT: Set own game mode to Survival Mode]
[21Dec2025 21:46:30.334] [Server thread/INFO] [net.minecraft.server.MinecraftServer/]: [visatap23_YT: Set own game mode to Creative Mode]
[21Dec2025 21:46:50.175] [Server thread/INFO] [net.minecraft.server.MinecraftServer/]: Idirsex2000 was slain by Wither Skeleton
[21Dec2025 21:46:50.176] [Server thread/INFO] [gravestone/]: The death ID of player Idirsex2000 is 93e2e9ec-7e84-4302-8c6b-73fa9569620a
[21Dec2025 21:46:53.121] [Server thread/INFO] [net.minecraft.server.MinecraftServer/]: Qiuu__ was fireballed by Blaze
[21Dec2025 21:46:53.122] [Server thread/INFO] [gravestone/]: The death ID of player Qiuu__ is fa66feab-495e-4119-a7bc-2660a1dade04
[21Dec2025 21:47:20.682] [Server thread/INFO] [net.minecraft.server.MinecraftServer/]: [visatap23_YT: Set own game mode to Survival Mode]
[21Dec2025 21:47:20.872] [Server thread/INFO] [net.minecraft.world.entity.npc.Villager/]: Villager Villager['Leatherworker'/226, l='ServerLevel[world]', x=114.20, y=64.50, z=123.70] died, message: 'Leatherworker was slain by Zombie'
[21Dec2025 21:47:24.817] [Server thread/INFO] [net.minecraft.server.MinecraftServer/]: Qiuu__ was blown up by Creeper
[21Dec2025 21:47:24.817] [Server thread/INFO] [gravestone/]: The death ID of player Qiuu__ is b729a11b-6361-48a3-900b-58f251fdeb11
[21Dec2025 21:47:34.050] [Server thread/INFO] [net.minecraft.server.MinecraftServer/]: [visatap23_YT: Set own game mode to Creative Mode]
[21Dec2025 21:48:33.983] [Server thread/INFO] [net.minecraft.server.MinecraftServer/]: Idirsex2000 was fireballed by Blaze
[21Dec2025 21:48:33.983] [Server thread/INFO] [gravestone/]: The death ID of player Idirsex2000 is 8b03f7a7-4ef4-47ce-8a43-faa3a3f9918a
[21Dec2025 21:48:59.973] [Server thread/INFO] [net.minecraft.server.MinecraftServer/]: Idirsex2000 was slain by Wither Skeleton
[21Dec2025 21:48:59.973] [Server thread/INFO] [gravestone/]: The death ID of player Idirsex2000 is cf6e180c-8977-419b-8e21-80703e3da7d3
[21Dec2025 21:49:40.445] [Server thread/WARN] [net.minecraft.world.level.storage.loot.functions.SetItemDamageFunction/]: Couldn't set damage of loot item 1 golden_horse_armor
[21Dec2025 21:49:44.269] [Server thread/INFO] [net.minecraft.server.MinecraftServer/]: Idirsex2000 was slain by Wither Skeleton
[21Dec2025 21:49:44.269] [Server thread/INFO] [gravestone/]: The death ID of player Idirsex2000 is 0f941120-1de6-4cd4-b9a3-731df42c72ad
[21Dec2025 21:49:55.870] [Server thread/INFO] [net.minecraft.server.MinecraftServer/]: Idirsex2000 was slain by Wither Skeleton
[21Dec2025 21:49:55.870] [Server thread/INFO] [gravestone/]: The death ID of player Idirsex2000 is bd09382b-30ca-4e3b-bd6b-eaa3bd50ccda
[21Dec2025 21:51:11.731] [Server thread/WARN] [net.minecraft.world.level.storage.loot.functions.SetItemDamageFunction/]: Couldn't set damage of loot item 1 golden_horse_armor
[21Dec2025 21:51:17.380] [Server thread/WARN] [net.minecraft.world.level.storage.loot.functions.SetItemDamageFunction/]: Couldn't set damage of loot item 1 golden_horse_armor
[21Dec2025 21:51:19.827] [Server thread/INFO] [net.minecraft.server.MinecraftServer/]: Idirsex2000 was slain by Wither Skeleton
[21Dec2025 21:51:19.827] [Server thread/INFO] [gravestone/]: The death ID of player Idirsex2000 is 871c4e7a-6de7-4de5-b189-8a1409ca6c0b
[21Dec2025 21:51:23.078] [Server thread/INFO] [net.minecraft.server.MinecraftServer/]: Qiuu__ hit the ground too hard
[21Dec2025 21:51:23.078] [Server thread/INFO] [gravestone/]: The death ID of player Qiuu__ is f4be815d-9f05-4fda-b8a5-595941ab2bb2
[21Dec2025 21:52:37.326] [Server thread/INFO] [net.minecraft.server.network.ServerGamePacketListenerImpl/]: visatap23_YT lost connection: Disconnected
[21Dec2025 21:52:37.327] [Server thread/INFO] [net.minecraft.server.MinecraftServer/]: visatap23_YT left the game
[21Dec2025 21:52:40.229] [Server thread/INFO] [net.minecraft.server.MinecraftServer/]: [Not Secure] <Qiuu__> 231 55 31
[21Dec2025 21:54:15.438] [Server thread/INFO] [net.minecraft.server.players.PlayerList/]: visatap23_YT[/127.69.163.222:60183] logged in with entity id 84053 at (28.69999998807907, 78.0, 61.15444166422896)
[21Dec2025 21:54:15.457] [Server thread/INFO] [net.minecraft.server.MinecraftServer/]: visatap23_YT joined the game
[21Dec2025 21:54:37.924] [Server thread/INFO] [net.minecraft.server.MinecraftServer/]: Idirsex2000 was impaled by Drowned
[21Dec2025 21:54:37.924] [Server thread/INFO] [gravestone/]: The death ID of player Idirsex2000 is a62ca339-ffa4-44b2-90f7-989451170b1d
[21Dec2025 21:55:07.031] [Server thread/INFO] [net.minecraft.server.MinecraftServer/]: [visatap23_YT: Teleported visatap23_YT to 27.500000, 19.500000, 16.500000]
[21Dec2025 21:55:08.905] [Server thread/INFO] [net.minecraft.server.MinecraftServer/]: [visatap23_YT: Set own game mode to Survival Mode]
[21Dec2025 21:55:50.170] [Server thread/INFO] [net.minecraft.server.MinecraftServer/]: Idirsex2000 was impaled by Drowned
[21Dec2025 21:55:50.170] [Server thread/INFO] [gravestone/]: The death ID of player Idirsex2000 is 41c78bbc-5a62-40ac-8591-aea344988c1c
[21Dec2025 21:56:25.519] [Server thread/INFO] [net.minecraft.server.MinecraftServer/]: Idirsex2000 was slain by Drowned
[21Dec2025 21:56:25.519] [Server thread/INFO] [gravestone/]: The death ID of player Idirsex2000 is 576ed120-1f47-4e54-91c9-28f268f6192d
[21Dec2025 21:56:52.446] [Server thread/INFO] [net.minecraft.server.MinecraftServer/]: Qiuu__ was slain by visatap23_YT
[21Dec2025 21:56:52.447] [Server thread/INFO] [gravestone/]: The death ID of player Qiuu__ is 80fe6d5b-aebd-4b05-b853-0e8518b0f557
[21Dec2025 21:56:57.872] [Server thread/INFO] [net.minecraft.server.MinecraftServer/]: Idirsex2000 was impaled by Drowned
[21Dec2025 21:56:57.872] [Server thread/INFO] [gravestone/]: The death ID of player Idirsex2000 is eb680ab8-4ae5-4a3e-ad3a-c5d8b7980762
[21Dec2025 21:57:28.525] [Server thread/INFO] [net.minecraft.server.MinecraftServer/]: Idirsex2000 was impaled by Drowned
[21Dec2025 21:57:28.526] [Server thread/INFO] [gravestone/]: The death ID of player Idirsex2000 is 35d2c420-1826-4a20-ab5d-bfad425a3c4e
[21Dec2025 21:58:08.045] [Server thread/INFO] [net.minecraft.server.MinecraftServer/]: [visatap23_YT: Set own game mode to Creative Mode]
[21Dec2025 21:58:23.224] [Server thread/INFO] [net.minecraft.server.network.ServerGamePacketListenerImpl/]: visatap23_YT lost connection: Disconnected
[21Dec2025 21:58:23.224] [Server thread/INFO] [net.minecraft.server.MinecraftServer/]: visatap23_YT left the game
[21Dec2025 21:59:12.921] [Server thread/INFO] [net.minecraft.server.network.ServerGamePacketListenerImpl/]: Idirsex2000 lost connection: Disconnected
[21Dec2025 21:59:12.922] [Server thread/INFO] [net.minecraft.server.MinecraftServer/]: Idirsex2000 left the game
[21Dec2025 22:08:13.229] [Server thread/INFO] [net.minecraft.server.players.PlayerList/]: Idirsex2000[/127.178.240.157:59513] logged in with entity id 93005 at (178.2977296827029, 72.0, 77.0736748604817)
[21Dec2025 22:08:13.242] [Server thread/INFO] [net.minecraft.server.MinecraftServer/]: Idirsex2000 joined the game
[21Dec2025 22:11:33.986] [Server thread/INFO] [net.minecraft.server.players.PlayerList/]: visatap23_YT[/127.69.163.222:35031] logged in with entity id 97032 at (170.46236008798394, 71.0, 60.52789008194932)
[21Dec2025 22:11:34.004] [Server thread/INFO] [net.minecraft.server.MinecraftServer/]: visatap23_YT joined the game
[21Dec2025 22:11:59.756] [Server thread/INFO] [net.minecraft.server.MinecraftServer/]: [visatap23_YT: Set own game mode to Survival Mode]
[21Dec2025 22:12:51.920] [Server thread/INFO] [net.minecraft.server.network.ServerGamePacketListenerImpl/]: Qiuu__ lost connection: Disconnected
[21Dec2025 22:12:51.920] [Server thread/INFO] [net.minecraft.server.MinecraftServer/]: Qiuu__ left the game
[21Dec2025 22:12:54.273] [Server thread/INFO] [net.minecraft.server.network.ServerGamePacketListenerImpl/]: Idirsex2000 lost connection: Disconnected
[21Dec2025 22:12:54.273] [Server thread/INFO] [net.minecraft.server.MinecraftServer/]: Idirsex2000 left the game
[21Dec2025 22:13:05.885] [Server thread/INFO] [net.minecraft.server.players.PlayerList/]: Idirsex2000[/127.178.240.157:42689] logged in with entity id 97847 at (89.12665270880618, 68.0, 29.30000001192093)
[21Dec2025 22:13:05.898] [Server thread/INFO] [net.minecraft.server.MinecraftServer/]: Idirsex2000 joined the game
[21Dec2025 22:13:36.588] [Server thread/INFO] [net.minecraft.server.players.PlayerList/]: Qiuu__[/127.199.55.203:38613] logged in with entity id 98205 at (171.75361350848053, 63.0, 35.27182899179312)
[21Dec2025 22:13:36.603] [Server thread/INFO] [net.minecraft.server.MinecraftServer/]: Qiuu__ joined the game
[21Dec2025 22:14:40.124] [Server thread/INFO] [net.minecraft.server.network.ServerGamePacketListenerImpl/]: visatap23_YT lost connection: Disconnected
[21Dec2025 22:14:40.124] [Server thread/INFO] [net.minecraft.server.MinecraftServer/]: visatap23_YT left the game
[21Dec2025 22:20:30.298] [Server thread/INFO] [net.minecraft.server.players.PlayerList/]: visatap23_YT[/127.69.163.222:46633] logged in with entity id 100916 at (181.81769929354493, 72.0, 53.03772201204404)
[21Dec2025 22:20:30.318] [Server thread/INFO] [net.minecraft.server.MinecraftServer/]: visatap23_YT joined the game
[21Dec2025 22:23:53.620] [Server thread/INFO] [net.minecraft.server.network.ServerGamePacketListenerImpl/]: visatap23_YT lost connection: Disconnected
[21Dec2025 22:23:53.620] [Server thread/INFO] [net.minecraft.server.MinecraftServer/]: visatap23_YT left the game
[21Dec2025 22:25:40.827] [Server thread/INFO] [net.minecraft.server.MinecraftServer/]: [Not Secure] <Qiuu__> IDIR Q HACES
[21Dec2025 22:25:46.324] [Server thread/INFO] [net.minecraft.server.MinecraftServer/]: [Not Secure] <Qiuu__> ignora las mayusculas
[21Dec2025 22:25:56.277] [Server thread/INFO] [net.minecraft.server.MinecraftServer/]: [Not Secure] <Qiuu__> salte para dormir
[21Dec2025 22:27:35.724] [Server thread/INFO] [net.minecraft.server.network.ServerGamePacketListenerImpl/]: Idirsex2000 lost connection: Disconnected
[21Dec2025 22:27:35.724] [Server thread/INFO] [net.minecraft.server.MinecraftServer/]: Idirsex2000 left the game
[21Dec2025 22:28:48.783] [Server thread/INFO] [net.minecraft.server.players.PlayerList/]: Idirsex2000[/127.178.240.157:45847] logged in with entity id 104415 at (163.0690675226519, 76.0, 113.41042231147992)
[21Dec2025 22:28:48.799] [Server thread/INFO] [net.minecraft.server.MinecraftServer/]: Idirsex2000 joined the game
[21Dec2025 22:31:41.582] [Server thread/WARN] [net.minecraft.server.level.ServerPlayerGameMode/]: Mismatch in destroy block pos: BlockPos{x=210, y=74, z=-43} BlockPos{x=209, y=72, z=-42}
[21Dec2025 22:31:41.642] [Server thread/WARN] [net.minecraft.server.level.ServerPlayerGameMode/]: Mismatch in destroy block pos: BlockPos{x=210, y=74, z=-43} BlockPos{x=209, y=72, z=-42}
[21Dec2025 22:39:34.975] [Server thread/INFO] [net.minecraft.server.network.ServerGamePacketListenerImpl/]: Idirsex2000 lost connection: Timed out
[21Dec2025 22:39:34.975] [Server thread/INFO] [net.minecraft.server.MinecraftServer/]: Idirsex2000 left the game
[21Dec2025 22:39:54.782] [Server thread/INFO] [net.minecraft.server.players.PlayerList/]: Idirsex2000[/127.178.240.157:50445] logged in with entity id 114884 at (178.37297730774446, 72.0, 73.85216073954884)
[21Dec2025 22:39:54.795] [Server thread/INFO] [net.minecraft.server.MinecraftServer/]: Idirsex2000 joined the game
[21Dec2025 22:40:51.219] [Server thread/INFO] [net.minecraft.server.MinecraftServer/]: Idirsex2000 was slain by Zombie
[21Dec2025 22:40:51.219] [Server thread/INFO] [gravestone/]: The death ID of player Idirsex2000 is 90cfcd9b-c8ad-4d49-8e53-d8a3a5dd035c
[21Dec2025 22:41:02.017] [Server thread/INFO] [net.minecraft.world.entity.npc.Villager/]: Villager Villager['Villager'/95306, l='ServerLevel[world]', x=169.86, y=71.90, z=77.97] died, message: 'Villager was slain by Zombie'
[21Dec2025 22:42:14.969] [Server thread/INFO] [net.minecraft.server.MinecraftServer/]: Idirsex2000 was slain by Spider
[21Dec2025 22:42:14.970] [Server thread/INFO] [gravestone/]: The death ID of player Idirsex2000 is 1d5cdf99-ebe8-496b-b632-0d5e32e8c75e
[21Dec2025 22:43:20.118] [Server thread/INFO] [net.minecraft.server.MinecraftServer/]: Idirsex2000 was fireballed by Blaze
[21Dec2025 22:43:20.119] [Server thread/INFO] [gravestone/]: The death ID of player Idirsex2000 is 29eeb0bf-5851-4877-87d2-10701c9aa41f
[21Dec2025 22:46:43.721] [Server thread/INFO] [net.minecraft.server.MinecraftServer/]: Idirsex2000 was shot by Skeleton
[21Dec2025 22:46:43.721] [Server thread/INFO] [gravestone/]: The death ID of player Idirsex2000 is daa37a67-bcc2-42b2-86c4-d216f354fc38
[21Dec2025 22:47:25.483] [Server thread/INFO] [net.minecraft.server.players.PlayerList/]: visatap23_YT[/127.69.163.222:49833] logged in with entity id 116805 at (181.81769929354493, 72.0, 53.03772201204404)
[21Dec2025 22:47:25.496] [Server thread/INFO] [net.minecraft.server.MinecraftServer/]: visatap23_YT joined the game
[21Dec2025 22:48:01.118] [Server thread/INFO] [net.minecraft.server.MinecraftServer/]: Idirsex2000 has made the advancement [Hot Stuff]
[21Dec2025 22:52:06.406] [Server thread/INFO] [net.minecraft.server.MinecraftServer/]: [Not Secure] <Qiuu__> q haces idir
[21Dec2025 22:53:27.878] [Server thread/INFO] [net.minecraft.server.MinecraftServer/]: Idirsex2000 has made the advancement [Suit Up]
[21Dec2025 22:56:20.091] [Server thread/INFO] [net.minecraft.server.MinecraftServer/]: Qiuu__ hit the ground too hard
[21Dec2025 22:56:20.091] [Server thread/INFO] [gravestone/]: The death ID of player Qiuu__ is cbfd44d7-0c95-42eb-9e9e-5fffffbd6fcb
[21Dec2025 22:56:23.219] [Server thread/INFO] [net.minecraft.server.MinecraftServer/]: Idirsex2000 burned to death
[21Dec2025 22:56:23.219] [Server thread/INFO] [gravestone/]: The death ID of player Idirsex2000 is 75704e7e-1956-410a-b84a-152807a108fa
[21Dec2025 22:58:12.019] [Server thread/WARN] [net.minecraft.server.network.ServerGamePacketListenerImpl/]: Qiuu__ was kicked for floating too long!
[21Dec2025 22:58:12.073] [Server thread/INFO] [net.minecraft.server.network.ServerGamePacketListenerImpl/]: Qiuu__ lost connection: Flying is not enabled on this server
[21Dec2025 22:58:12.073] [Server thread/INFO] [net.minecraft.server.MinecraftServer/]: Qiuu__ left the game
[21Dec2025 22:58:19.271] [Server thread/INFO] [net.minecraft.server.MinecraftServer/]: visatap23_YT was fireballed by Blaze
[21Dec2025 22:58:19.271] [Server thread/INFO] [gravestone/]: The death ID of player visatap23_YT is 9ff1e1a6-7411-4689-b2e1-9a9d185e54a2
[21Dec2025 22:58:22.434] [Server thread/INFO] [net.minecraft.server.players.PlayerList/]: Qiuu__[/127.199.55.203:32777] logged in with entity id 118900 at (198.25707800785807, 73.02442408821369, -37.90925611470633)
[21Dec2025 22:58:22.446] [Server thread/INFO] [net.minecraft.server.MinecraftServer/]: Qiuu__ joined the game
[21Dec2025 22:58:26.480] [Server thread/INFO] [net.minecraft.server.network.ServerGamePacketListenerImpl/]: Idirsex2000 lost connection: Timed out
[21Dec2025 22:58:26.480] [Server thread/INFO] [net.minecraft.server.MinecraftServer/]: Idirsex2000 left the game
[21Dec2025 22:58:42.730] [Server thread/INFO] [net.minecraft.server.players.PlayerList/]: Idirsex2000[/127.178.240.157:44393] logged in with entity id 119050 at (186.69136618233816, 72.0, 73.09599857898564)
[21Dec2025 22:58:42.744] [Server thread/INFO] [net.minecraft.server.MinecraftServer/]: Idirsex2000 joined the game
[21Dec2025 22:58:59.140] [Server thread/INFO] [net.minecraft.server.MinecraftServer/]: Idirsex2000 was slain by visatap23_YT
[21Dec2025 22:58:59.141] [Server thread/INFO] [gravestone/]: The death ID of player Idirsex2000 is e9184898-ac94-4818-8e4b-88f0fe1f16d1
[21Dec2025 22:59:27.819] [Server thread/INFO] [net.minecraft.server.network.ServerGamePacketListenerImpl/]: Idirsex2000 lost connection: Timed out
[21Dec2025 22:59:27.819] [Server thread/INFO] [net.minecraft.server.MinecraftServer/]: Idirsex2000 left the game
[21Dec2025 22:59:43.583] [Server thread/INFO] [net.minecraft.server.players.PlayerList/]: Idirsex2000[/127.178.240.157:37019] logged in with entity id 119339 at (187.42075819381327, 72.0, 74.9664909886984)
[21Dec2025 22:59:43.595] [Server thread/INFO] [net.minecraft.server.MinecraftServer/]: Idirsex2000 joined the game
[21Dec2025 23:00:08.442] [Server thread/WARN] [net.minecraft.server.network.ServerGamePacketListenerImpl/]: Boat (vehicle of Qiuu__) moved wrongly! 0.25507506541995895
[21Dec2025 23:00:08.494] [Server thread/WARN] [net.minecraft.server.network.ServerGamePacketListenerImpl/]: Boat (vehicle of Qiuu__) moved wrongly! 0.3459559130955938
[21Dec2025 23:08:26.721] [Server thread/INFO] [net.minecraft.server.MinecraftServer/]: Qiuu__ tried to swim in lava
[21Dec2025 23:08:26.721] [Server thread/INFO] [gravestone/]: The death ID of player Qiuu__ is cfa5cfa0-afd9-4b2e-8724-94e858bb8e63
[21Dec2025 23:08:27.723] [Server thread/INFO] [net.minecraft.server.MinecraftServer/]: Idirsex2000 tried to swim in lava
[21Dec2025 23:08:27.723] [Server thread/INFO] [gravestone/]: The death ID of player Idirsex2000 is 372dea7f-b37e-46e6-b9d1-ecbeba7d921c
[21Dec2025 23:10:30.623] [Server thread/INFO] [net.minecraft.server.network.ServerGamePacketListenerImpl/]: visatap23_YT lost connection: Disconnected
[21Dec2025 23:10:30.624] [Server thread/INFO] [net.minecraft.server.MinecraftServer/]: visatap23_YT left the game
[21Dec2025 23:10:41.824] [Server thread/INFO] [net.minecraft.server.MinecraftServer/]: Idirsex2000 burned to death
[21Dec2025 23:10:41.825] [Server thread/INFO] [gravestone/]: The death ID of player Idirsex2000 is d431953b-efb0-4f9c-aca7-d22ac2c49148
[21Dec2025 23:11:22.175] [Server thread/INFO] [net.minecraft.server.MinecraftServer/]: Idirsex2000 was burnt to a crisp whilst fighting Blaze
[21Dec2025 23:11:22.175] [Server thread/INFO] [gravestone/]: The death ID of player Idirsex2000 is 01fd1bfc-8db8-4c54-8ba0-a72ba0349107
[21Dec2025 23:11:55.626] [Server thread/INFO] [net.minecraft.server.MinecraftServer/]: Idirsex2000 was fireballed by Blaze
[21Dec2025 23:11:55.626] [Server thread/INFO] [gravestone/]: The death ID of player Idirsex2000 is 922c1d46-dbb5-4cfd-9e61-f785bed08aad
[21Dec2025 23:12:20.066] [Server thread/INFO] [net.minecraft.server.MinecraftServer/]: Idirsex2000 was slain by Blaze
[21Dec2025 23:12:20.067] [Server thread/INFO] [gravestone/]: The death ID of player Idirsex2000 is 3c7d041e-9d5e-4126-b8e5-76ca9b14b586
[21Dec2025 23:16:23.751] [Server thread/INFO] [net.minecraft.server.MinecraftServer/]: Idirsex2000 has reached the goal [Advanced Tool Making]
[21Dec2025 23:17:09.534] [Server thread/INFO] [net.minecraft.server.players.PlayerList/]: visatap23_YT[/127.69.163.222:58541] logged in with entity id 124581 at (164.7256301621329, 72.0, 83.56108643245747)
[21Dec2025 23:17:09.550] [Server thread/INFO] [net.minecraft.server.MinecraftServer/]: visatap23_YT joined the game
[21Dec2025 23:18:59.997] [Server thread/INFO] [net.minecraft.server.MinecraftServer/]: Idirsex2000 has made the advancement [Isn't It Iron Pick]
[21Dec2025 23:19:08.779] [Server thread/WARN] [net.minecraft.server.network.ServerGamePacketListenerImpl/]: visatap23_YT was kicked for floating too long!
[21Dec2025 23:19:08.830] [Server thread/INFO] [net.minecraft.server.network.ServerGamePacketListenerImpl/]: visatap23_YT lost connection: Flying is not enabled on this server
[21Dec2025 23:19:08.831] [Server thread/INFO] [net.minecraft.server.MinecraftServer/]: visatap23_YT left the game
[21Dec2025 23:19:21.033] [Server thread/INFO] [net.minecraft.server.players.PlayerList/]: visatap23_YT[/127.69.163.222:54499] logged in with entity id 125288 at (184.7992705591758, 83.49520087700593, 114.40745892661327)
[21Dec2025 23:19:21.048] [Server thread/INFO] [net.minecraft.server.MinecraftServer/]: visatap23_YT joined the game
[21Dec2025 23:23:01.021] [Server thread/INFO] [net.minecraft.server.MinecraftServer/]: Qiuu__ walked into fire whilst fighting Idirsex2000
[21Dec2025 23:23:01.021] [Server thread/INFO] [gravestone/]: The death ID of player Qiuu__ is 19882668-5adc-4819-a4f5-4082acd3c5d5
[21Dec2025 23:23:27.221] [Server thread/INFO] [net.minecraft.server.MinecraftServer/]: Idirsex2000 was slain by Blaze
[21Dec2025 23:23:27.222] [Server thread/INFO] [gravestone/]: The death ID of player Idirsex2000 is 9301aff2-e366-4365-9202-0e5962f7325d
[21Dec2025 23:24:36.122] [Server thread/INFO] [net.minecraft.server.MinecraftServer/]: Idirsex2000 was fireballed by Blaze
[21Dec2025 23:24:36.123] [Server thread/INFO] [gravestone/]: The death ID of player Idirsex2000 is 59e2e2b8-a3c1-4219-83e3-e8e62c46255c
[21Dec2025 23:29:31.723] [Server thread/INFO] [net.minecraft.server.network.ServerGamePacketListenerImpl/]: Idirsex2000 lost connection: Timed out
[21Dec2025 23:29:31.724] [Server thread/INFO] [net.minecraft.server.MinecraftServer/]: Idirsex2000 left the game
[21Dec2025 23:29:43.792] [Server thread/INFO] [net.minecraft.server.players.PlayerList/]: Idirsex2000[/127.178.240.157:60779] logged in with entity id 127981 at (196.14850505225414, 73.0, 69.31003521467228)
[21Dec2025 23:29:43.802] [Server thread/INFO] [net.minecraft.server.MinecraftServer/]: Idirsex2000 joined the game
[21Dec2025 23:30:39.675] [Server thread/INFO] [net.minecraft.server.network.ServerGamePacketListenerImpl/]: visatap23_YT lost connection: Disconnected
[21Dec2025 23:30:39.675] [Server thread/INFO] [net.minecraft.server.MinecraftServer/]: visatap23_YT left the game
[21Dec2025 23:30:41.062] [Server thread/WARN] [net.minecraft.server.network.ServerGamePacketListenerImpl/]: Qiuu__ moved too quickly! -4.949893782242896,0.2987031463477763,-9.030939433814659
[21Dec2025 23:30:51.828] [Server thread/INFO] [net.minecraft.server.players.PlayerList/]: visatap23_YT[/127.69.163.222:56515] logged in with entity id 128236 at (195.53946593430638, 72.5, 63.69999998807907)
[21Dec2025 23:30:51.846] [Server thread/INFO] [net.minecraft.server.MinecraftServer/]: visatap23_YT joined the game
[21Dec2025 23:30:55.721] [Server thread/INFO] [net.minecraft.server.network.ServerGamePacketListenerImpl/]: Qiuu__ lost connection: Timed out
[21Dec2025 23:30:55.722] [Server thread/INFO] [net.minecraft.server.MinecraftServer/]: Qiuu__ left the game
[21Dec2025 23:30:58.921] [Server thread/INFO] [net.minecraft.server.network.ServerGamePacketListenerImpl/]: Idirsex2000 lost connection: Timed out
[21Dec2025 23:30:58.922] [Server thread/INFO] [net.minecraft.server.MinecraftServer/]: Idirsex2000 left the game
[21Dec2025 23:31:07.729] [Server thread/INFO] [net.minecraft.server.players.PlayerList/]: Qiuu__[/127.199.55.203:42739] logged in with entity id 128281 at (198.29470957879823, 72.0, 55.92898760581649)
[21Dec2025 23:31:07.740] [Server thread/INFO] [net.minecraft.server.MinecraftServer/]: Qiuu__ joined the game
[21Dec2025 23:31:36.422] [Server thread/WARN] [net.minecraft.server.network.ServerGamePacketListenerImpl/]: visatap23_YT moved too quickly! -0.3168729781545494,0.8800391385729398,-10.175849388844881
[21Dec2025 23:32:03.126] [Server thread/INFO] [net.minecraft.server.players.PlayerList/]: Idirsex2000[/127.178.240.157:52467] logged in with entity id 128507 at (192.0233886431445, 73.0, 68.33348290395034)
[21Dec2025 23:32:03.137] [Server thread/INFO] [net.minecraft.server.MinecraftServer/]: Idirsex2000 joined the game
[21Dec2025 23:32:33.230] [Server thread/INFO] [net.minecraft.server.MinecraftServer/]: Qiuu__ has made the advancement [What a Deal!]
[21Dec2025 23:32:34.774] [Server thread/INFO] [net.minecraft.server.MinecraftServer/]: Idirsex2000 was slain by Ghost
[21Dec2025 23:32:34.774] [Server thread/INFO] [gravestone/]: The death ID of player Idirsex2000 is fda89685-de6d-4a46-a9da-8be565fe840a
[21Dec2025 23:32:52.273] [Server thread/INFO] [net.minecraft.server.network.ServerGamePacketListenerImpl/]: visatap23_YT lost connection: Disconnected
[21Dec2025 23:32:52.273] [Server thread/INFO] [net.minecraft.server.MinecraftServer/]: visatap23_YT left the game
[21Dec2025 23:33:06.085] [Server thread/INFO] [net.minecraft.server.players.PlayerList/]: visatap23_YT[/127.69.163.222:56719] logged in with entity id 128954 at (202.15766392245524, 72.0, -51.31401064598556)
[21Dec2025 23:33:06.101] [Server thread/INFO] [net.minecraft.server.MinecraftServer/]: visatap23_YT joined the game
[21Dec2025 23:33:15.876] [Server thread/INFO] [net.minecraft.server.MinecraftServer/]: Idirsex2000 was slain by Ghost
[21Dec2025 23:33:15.876] [Server thread/INFO] [gravestone/]: The death ID of player Idirsex2000 is 86ddfb6e-3386-462d-a235-b61ac4fbf9de
[21Dec2025 23:35:37.532] [Server thread/INFO] [net.minecraft.server.MinecraftServer/]: Qiuu__ hit the ground too hard
[21Dec2025 23:35:37.532] [Server thread/INFO] [gravestone/]: The death ID of player Qiuu__ is 52238ea7-c4b0-43f3-870c-d63a089657f5
[21Dec2025 23:35:45.174] [Server thread/INFO] [net.minecraft.server.network.ServerGamePacketListenerImpl/]: visatap23_YT lost connection: Disconnected
[21Dec2025 23:35:45.175] [Server thread/INFO] [net.minecraft.server.MinecraftServer/]: visatap23_YT left the game
[21Dec2025 23:35:59.724] [Server thread/INFO] [net.minecraft.server.MinecraftServer/]: Idirsex2000 was fireballed by Blaze
[21Dec2025 23:35:59.724] [Server thread/INFO] [gravestone/]: The death ID of player Idirsex2000 is 7b673103-9908-4110-a582-70b9b1e98966
[21Dec2025 23:36:30.178] [Server thread/INFO] [net.minecraft.server.network.ServerLoginPacketListenerImpl/]: com.mojang.authlib.GameProfile@77e29f42[id=<null>,name=visatap23_YT,properties={},legacy=false] (/127.69.163.222:49209) lost connection: Disconnected
[21Dec2025 23:37:02.579] [Server thread/INFO] [net.minecraft.server.network.ServerLoginPacketListenerImpl/]: com.mojang.authlib.GameProfile@278b31e0[id=<null>,name=visatap23_YT,properties={},legacy=false] (/127.69.163.222:53233) lost connection: Disconnected
[21Dec2025 23:37:25.822] [Server thread/INFO] [net.minecraft.server.network.ServerLoginPacketListenerImpl/]: com.mojang.authlib.GameProfile@e098120[id=<null>,name=visatap23_YT,properties={},legacy=false] (/127.69.163.222:59669) lost connection: Disconnected
[21Dec2025 23:37:52.429] [Server thread/INFO] [net.minecraft.server.network.ServerGamePacketListenerImpl/]: Qiuu__ lost connection: Disconnected
[21Dec2025 23:37:52.429] [Server thread/INFO] [net.minecraft.server.MinecraftServer/]: Qiuu__ left the game
[21Dec2025 23:37:52.438] [Server thread/INFO] [net.minecraft.server.network.ServerGamePacketListenerImpl/]: Idirsex2000 lost connection: Disconnected
[21Dec2025 23:37:52.438] [Server thread/INFO] [net.minecraft.server.MinecraftServer/]: Idirsex2000 left the game
[21Dec2025 23:37:52.570] [Server thread/INFO] [net.minecraft.server.MinecraftServer/]: Stopping server
[21Dec2025 23:37:52.573] [Server thread/INFO] [net.minecraft.server.MinecraftServer/]: Saving players
[21Dec2025 23:37:52.573] [Server thread/INFO] [net.minecraft.server.MinecraftServer/]: Saving worlds
[21Dec2025 23:37:52.876] [Server thread/INFO] [net.minecraft.server.MinecraftServer/]: Saving chunks for level 'ServerLevel[world]'/minecraft:overworld
[21Dec2025 23:37:54.248] [Server thread/INFO] [net.minecraft.server.MinecraftServer/]: Saving chunks for level 'ServerLevel[world]'/ad_astra:venus
[21Dec2025 23:37:54.248] [Server thread/INFO] [net.minecraft.server.MinecraftServer/]: Saving chunks for level 'ServerLevel[world]'/ad_astra:moon
[21Dec2025 23:37:54.249] [Server thread/INFO] [net.minecraft.server.MinecraftServer/]: Saving chunks for level 'ServerLevel[world]'/ad_astra:venus_orbit
[21Dec2025 23:37:54.249] [Server thread/INFO] [net.minecraft.server.MinecraftServer/]: Saving chunks for level 'ServerLevel[world]'/ad_astra:glacio
[21Dec2025 23:37:54.250] [Server thread/INFO] [net.minecraft.server.MinecraftServer/]: Saving chunks for level 'ServerLevel[world]'/ad_astra:mars_orbit
[21Dec2025 23:37:54.250] [Server thread/INFO] [net.minecraft.server.MinecraftServer/]: Saving chunks for level 'ServerLevel[world]'/ad_astra:earth_orbit
[21Dec2025 23:37:54.251] [Server thread/INFO] [net.minecraft.server.MinecraftServer/]: Saving chunks for level 'ServerLevel[world]'/ad_astra:mercury_orbit
[21Dec2025 23:37:54.251] [Server thread/INFO] [net.minecraft.server.MinecraftServer/]: Saving chunks for level 'ServerLevel[world]'/ad_astra:mars
[21Dec2025 23:37:54.252] [Server thread/INFO] [net.minecraft.server.MinecraftServer/]: Saving chunks for level 'ServerLevel[world]'/ad_astra:glacio_orbit
[21Dec2025 23:37:54.252] [Server thread/INFO] [net.minecraft.server.MinecraftServer/]: Saving chunks for level 'ServerLevel[world]'/minecraft:the_end
[21Dec2025 23:37:54.253] [Server thread/INFO] [net.minecraft.server.MinecraftServer/]: Saving chunks for level 'ServerLevel[world]'/minecraft:the_nether
[21Dec2025 23:37:54.256] [Server thread/INFO] [net.minecraft.server.MinecraftServer/]: Saving chunks for level 'ServerLevel[world]'/ad_astra:mercury
[21Dec2025 23:37:54.257] [Server thread/INFO] [net.minecraft.server.MinecraftServer/]: Saving chunks for level 'ServerLevel[world]'/ad_astra:moon_orbit
[21Dec2025 23:37:54.289] [Server thread/INFO] [net.minecraft.server.MinecraftServer/]: ThreadedAnvilChunkStorage (world): All chunks are saved
[21Dec2025 23:37:54.289] [Server thread/INFO] [net.minecraft.server.MinecraftServer/]: ThreadedAnvilChunkStorage (venus): All chunks are saved
[21Dec2025 23:37:54.289] [Server thread/INFO] [net.minecraft.server.MinecraftServer/]: ThreadedAnvilChunkStorage (moon): All chunks are saved
[21Dec2025 23:37:54.289] [Server thread/INFO] [net.minecraft.server.MinecraftServer/]: ThreadedAnvilChunkStorage (venus_orbit): All chunks are saved
[21Dec2025 23:37:54.289] [Server thread/INFO] [net.minecraft.server.MinecraftServer/]: ThreadedAnvilChunkStorage (glacio): All chunks are saved
[21Dec2025 23:37:54.289] [Server thread/INFO] [net.minecraft.server.MinecraftServer/]: ThreadedAnvilChunkStorage (mars_orbit): All chunks are saved
[21Dec2025 23:37:54.289] [Server thread/INFO] [net.minecraft.server.MinecraftServer/]: ThreadedAnvilChunkStorage (earth_orbit): All chunks are saved
[21Dec2025 23:37:54.289] [Server thread/INFO] [net.minecraft.server.MinecraftServer/]: ThreadedAnvilChunkStorage (mercury_orbit): All chunks are saved
[21Dec2025 23:37:54.289] [Server thread/INFO] [net.minecraft.server.MinecraftServer/]: ThreadedAnvilChunkStorage (mars): All chunks are saved
[21Dec2025 23:37:54.289] [Server thread/INFO] [net.minecraft.server.MinecraftServer/]: ThreadedAnvilChunkStorage (glacio_orbit): All chunks are saved
[21Dec2025 23:37:54.289] [Server thread/INFO] [net.minecraft.server.MinecraftServer/]: ThreadedAnvilChunkStorage (DIM1): All chunks are saved
[21Dec2025 23:37:54.289] [Server thread/INFO] [net.minecraft.server.MinecraftServer/]: ThreadedAnvilChunkStorage (DIM-1): All chunks are saved
[21Dec2025 23:37:54.289] [Server thread/INFO] [net.minecraft.server.MinecraftServer/]: ThreadedAnvilChunkStorage (mercury): All chunks are saved
[21Dec2025 23:37:54.290] [Server thread/INFO] [net.minecraft.server.MinecraftServer/]: ThreadedAnvilChunkStorage (moon_orbit): All chunks are saved
[21Dec2025 23:37:54.290] [Server thread/INFO] [net.minecraft.server.MinecraftServer/]: ThreadedAnvilChunkStorage: All dimensions are saved
